fromUserId,title,toUserId
29008860,IRS Corruption Fuels Billions in Fraudulent Payments to Illegal Aliens,822215679726100480
29008860,IRS Corruption Fuels Billions in Fraudulent Payments to Illegal Aliens,62147616
665873,Report: Today The Day They Find Out You’re A Fraud,13251052
818158974,Clock Kid's lawsuit against pundits dismissed after 'painfully embarrassing' hearing,867442170
818158974,Clock Kid's lawsuit against pundits dismissed after 'painfully embarrassing' hearing,369249722
2315583427,GOP Pushing Legislation 'Written for the Muslim Brotherhood',2935585568
2315583427,GOP Pushing Legislation 'Written for the Muslim Brotherhood',2902967064
2315583427,GOP Pushing Legislation 'Written for the Muslim Brotherhood',862784095373414400
2315583427,GOP Pushing Legislation 'Written for the Muslim Brotherhood',870251328605478913
2315583427,GOP Pushing Legislation 'Written for the Muslim Brotherhood',816482745299959808
2315583427,GOP Pushing Legislation 'Written for the Muslim Brotherhood',49431169
2315583427,GOP Pushing Legislation 'Written for the Muslim Brotherhood',790609284702826496
2315583427,GOP Pushing Legislation 'Written for the Muslim Brotherhood',479037581
2315583427,GOP Pushing Legislation 'Written for the Muslim Brotherhood',4875427757
2315583427,GOP Pushing Legislation 'Written for the Muslim Brotherhood',796090831060934657
2315583427,GOP Pushing Legislation 'Written for the Muslim Brotherhood',900908972
2315583427,GOP Pushing Legislation 'Written for the Muslim Brotherhood',562357936
2315583427,GOP Pushing Legislation 'Written for the Muslim Brotherhood',466910067
2315583427,GOP Pushing Legislation 'Written for the Muslim Brotherhood',296867794
2315583427,GOP Pushing Legislation 'Written for the Muslim Brotherhood',3041648696
2315583427,GOP Pushing Legislation 'Written for the Muslim Brotherhood',242029797
2315583427,GOP Pushing Legislation 'Written for the Muslim Brotherhood',2523556454
2315583427,GOP Pushing Legislation 'Written for the Muslim Brotherhood',438990599
2315583427,GOP Pushing Legislation 'Written for the Muslim Brotherhood',788646648322805760
2315583427,GOP Pushing Legislation 'Written for the Muslim Brotherhood',874295622622367744
2315583427,GOP Pushing Legislation 'Written for the Muslim Brotherhood',3886705519
2315583427,GOP Pushing Legislation 'Written for the Muslim Brotherhood',2595115260
2315583427,GOP Pushing Legislation 'Written for the Muslim Brotherhood',1332367184
73572581,Well, this is embarrassing,156763697
73572581,Well, this is embarrassing,22267455
73572581,Well, this is embarrassing,800745527402893313
73572581,Well, this is embarrassing,97989357
3022045469,GOP Pushing Legislation 'Written for the Muslim Brotherhood',562357936
3022045469,GOP Pushing Legislation 'Written for the Muslim Brotherhood',296867794
3022045469,GOP Pushing Legislation 'Written for the Muslim Brotherhood',2935585568
3022045469,GOP Pushing Legislation 'Written for the Muslim Brotherhood',479037581
3022045469,GOP Pushing Legislation 'Written for the Muslim Brotherhood',438990599
3022045469,GOP Pushing Legislation 'Written for the Muslim Brotherhood',816482745299959808
3022045469,GOP Pushing Legislation 'Written for the Muslim Brotherhood',790609284702826496
3022045469,GOP Pushing Legislation 'Written for the Muslim Brotherhood',4875427757
3022045469,GOP Pushing Legislation 'Written for the Muslim Brotherhood',242029797
3022045469,GOP Pushing Legislation 'Written for the Muslim Brotherhood',2523556454
3022045469,GOP Pushing Legislation 'Written for the Muslim Brotherhood',1332367184
3022045469,GOP Pushing Legislation 'Written for the Muslim Brotherhood',862784095373414400
3022045469,GOP Pushing Legislation 'Written for the Muslim Brotherhood',824017402794872832
3022045469,GOP Pushing Legislation 'Written for the Muslim Brotherhood',709059463987073025
4745268758,Redirect to another web page,25073877
4745268758,Redirect to another web page,801962070
4745268758,Redirect to another web page,822215679726100480
14294848,A 'Harvard Study' Doesn't Disprove Racial Bias in Officer-Involved Shootings,14457021
14294848,A 'Harvard Study' Doesn't Disprove Racial Bias in Officer-Involved Shootings,636602792
14294848,A 'Harvard Study' Doesn't Disprove Racial Bias in Officer-Involved Shootings,19404295
14294848,A 'Harvard Study' Doesn't Disprove Racial Bias in Officer-Involved Shootings,1090413126
14294848,A 'Harvard Study' Doesn't Disprove Racial Bias in Officer-Involved Shootings,93879982
14294848,A 'Harvard Study' Doesn't Disprove Racial Bias in Officer-Involved Shootings,277154056
14294848,A 'Harvard Study' Doesn't Disprove Racial Bias in Officer-Involved Shootings,316057426
517084598,Clock Kid's lawsuit against pundits dismissed after 'painfully embarrassing' hearing,369249722
10774652,TheBlaze,838399572
10774652,TheBlaze,18067164
10774652,TheBlaze,800745527402893313
10774652,TheBlaze,404200443
10774652,TheBlaze,167173030
10774652,TheBlaze,2287176847
10774652,TheBlaze,47002319
10774652,TheBlaze,23816574
2509541430,TheBlaze,765893302768009216
2509541430,TheBlaze,756873743746596864
2509541430,TheBlaze,766122880929239040
2509541430,TheBlaze,766120445888331777
2509541430,TheBlaze,766250065128255488
2509541430,TheBlaze,756385730717478913
2509541430,TheBlaze,756869353375752192
2509541430,TheBlaze,765755000375152640
2509541430,TheBlaze,766496917559840768
2509541430,TheBlaze,761113536487489537
2509541430,TheBlaze,765897572191993856
2509541430,TheBlaze,766251717017083904
2509541430,TheBlaze,766091664465227776
2509541430,TheBlaze,755847318297915392
2509541430,TheBlaze,766308735547498497
2509541430,TheBlaze,756863582894260224
2509541430,TheBlaze,765687345345597440
2509541430,TheBlaze,761092235286880257
2509541430,TheBlaze,756805826799697920
2509541430,TheBlaze,756694990533844992
2509541430,TheBlaze,766347801303388160
2509541430,TheBlaze,755788571332775937
2509541430,TheBlaze,756911223178928128
2509541430,TheBlaze,756891173860569088
2509541430,TheBlaze,765754703955320834
2509541430,TheBlaze,766312538514522112
2509541430,TheBlaze,765746904802160640
2509541430,TheBlaze,771954522763751424
2509541430,TheBlaze,766112306975674368
2509541430,TheBlaze,771945030734970881
2509541430,TheBlaze,708087165130039297
2509541430,TheBlaze,766251056292622336
2509541430,TheBlaze,766340768164352000
2509541430,TheBlaze,756879090205003776
2509541430,TheBlaze,771957085768679424
2509541430,TheBlaze,766256076727656448
2509541430,TheBlaze,761119199422914562
2509541430,TheBlaze,756712867639025664
2509541430,TheBlaze,771948787266883584
2509541430,TheBlaze,766328430593994753
2509541430,TheBlaze,766112923794145280
2509541430,TheBlaze,756923101728935936
2509541430,TheBlaze,756395237900165120
2509541430,TheBlaze,756877273177939968
2509541430,TheBlaze,766327450183827456
2509541430,TheBlaze,765717850392817664
2509541430,TheBlaze,766252975081873408
2509541430,TheBlaze,766122394125754368
2509541430,TheBlaze,766279391659880448
2509541430,TheBlaze,755776180142432256
2509541430,TheBlaze,756899101032210432
2509541430,TheBlaze,766264853392687104
2509541430,TheBlaze,766251815981678592
2509541430,TheBlaze,756871684335005697
2509541430,TheBlaze,761075144081014789
2509541430,TheBlaze,753152467395833856
2509541430,TheBlaze,766265168691101696
2509541430,TheBlaze,765678467920883712
2509541430,TheBlaze,766285359487586304
2509541430,TheBlaze,766494539032956928
2509541430,TheBlaze,756882301125070848
2509541430,TheBlaze,766089159866023936
2509541430,TheBlaze,766108348672536577
2509541430,TheBlaze,756908914764050432
2509541430,TheBlaze,756929991959580672
2509541430,TheBlaze,771764254613639168
2509541430,TheBlaze,766318478374625280
2509541430,TheBlaze,756877447530962944
2509541430,TheBlaze,766317803603460097
2509541430,TheBlaze,766249022852046848
2509541430,TheBlaze,756503488415277056
2509541430,TheBlaze,756801631228952576
2509541430,TheBlaze,756363598050496512
2509541430,TheBlaze,766296869966344192
2509541430,TheBlaze,756716233815388160
2509541430,TheBlaze,756581419095302145
2509541430,TheBlaze,761110917476081664
2509541430,TheBlaze,766208839511314432
2509541430,TheBlaze,761059978085969920
2509541430,TheBlaze,761128913934225408
2509541430,TheBlaze,766346994893881344
2509541430,TheBlaze,756411932240932864
2509541430,TheBlaze,756777705400635392
2509541430,TheBlaze,755840920621158400
2509541430,TheBlaze,756422774424473601
2509541430,TheBlaze,765754081428250625
2509541430,TheBlaze,766495911036018688
2509541430,TheBlaze,766496989202767872
2509541430,TheBlaze,756776077066956800
2509541430,TheBlaze,765683133907922944
2509541430,TheBlaze,765870238172909568
2509541430,TheBlaze,766115547180392449
2509541430,TheBlaze,753134368688840704
2509541430,TheBlaze,756763596718239744
2509541430,TheBlaze,753126103313739776
2509541430,TheBlaze,766496918637776896
2509541430,TheBlaze,756734897943871488
2509541430,TheBlaze,756356596691853313
2509541430,TheBlaze,756891542191824896
2509541430,TheBlaze,766345472411860996
2509541430,TheBlaze,756757070444199937
2509541430,TheBlaze,756893168734535680
2509541430,TheBlaze,766309335706267649
2509541430,TheBlaze,766287736089313281
2509541430,TheBlaze,766290172937924608
2509541430,TheBlaze,766286745147150336
2509541430,TheBlaze,753140022128349184
2509541430,TheBlaze,765683902417608704
2509541430,TheBlaze,766331290941530112
2509541430,TheBlaze,766287912501665792
2509541430,TheBlaze,766268143710957568
2509541430,TheBlaze,766267711517319168
2509541430,TheBlaze,755792745063649280
2509541430,TheBlaze,761115994995556352
2509541430,TheBlaze,756816529510002689
2509541430,TheBlaze,771955280015986688
2509541430,TheBlaze,756562377525620736
2509541430,TheBlaze,753122686226862081
2509541430,TheBlaze,756560309792440321
2509541430,TheBlaze,771746653695053824
2509541430,TheBlaze,756575087084572672
2509541430,TheBlaze,756299502932357120
2509541430,TheBlaze,766301697039884288
2509541430,TheBlaze,756806980623278081
2509541430,TheBlaze,708157111230816256
2509541430,TheBlaze,755847313990438912
2509541430,TheBlaze,756359408855154688
2509541430,TheBlaze,766549653391183873
2509541430,TheBlaze,765914704774565889
2509541430,TheBlaze,766250179666309120
2509541430,TheBlaze,771746427139686400
2509541430,TheBlaze,765684702674030593
2509541430,TheBlaze,765899195161120768
2509541430,TheBlaze,753264515802857473
2509541430,TheBlaze,766289390532460544
2509541430,TheBlaze,753263888666353664
2509541430,TheBlaze,761095158439915520
2509541430,TheBlaze,766086866152161280
2509541430,TheBlaze,761100490897694720
2509541430,TheBlaze,766502435070377984
2509541430,TheBlaze,756884410679627776
2509541430,TheBlaze,756093595015319552
2509541430,TheBlaze,766326770685603840
2509541430,TheBlaze,766501186883248128
2509541430,TheBlaze,766253005553491968
2509541430,TheBlaze,771957425561800704
2509541430,TheBlaze,766292535962640384
2509541430,TheBlaze,766258029994082304
2509541430,TheBlaze,766278349798961153
2509541430,TheBlaze,766253521167581185
2509541430,TheBlaze,766340687113678848
2509541430,TheBlaze,766505600498929664
2509541430,TheBlaze,745291784650002432
2509541430,TheBlaze,766338045956222976
2509541430,TheBlaze,766272344847417344
2509541430,TheBlaze,765918155805982720
2509541430,TheBlaze,766251066577018880
2509541430,TheBlaze,766144214002438144
2509541430,TheBlaze,761062546392518656
2509541430,TheBlaze,766309729555582976
2509541430,TheBlaze,756902054992437249
2509541430,TheBlaze,756889602078674944
2509541430,TheBlaze,756921746930954240
2509541430,TheBlaze,766260497226268672
2509541430,TheBlaze,766498981904052224
2509541430,TheBlaze,766252919821889536
2509541430,TheBlaze,753266970074738689
2509541430,TheBlaze,755821365140348929
2509541430,TheBlaze,756922069468770305
2509541430,TheBlaze,756899437927079937
2509541430,TheBlaze,756931073821605892
2509541430,TheBlaze,771711930289491969
2509541430,TheBlaze,766116099809243136
2509541430,TheBlaze,756796819414343680
2509541430,TheBlaze,766087401823428608
2509541430,TheBlaze,766340886271844353
2509541430,TheBlaze,756731966779695106
2509541430,TheBlaze,756851363406090240
2509541430,TheBlaze,766491445742239744
2509541430,TheBlaze,765734818567118848
2509541430,TheBlaze,766318827185537026
2509541430,TheBlaze,753121079724478467
2509541430,TheBlaze,756912218566955008
2509541430,TheBlaze,756350222775816193
2509541430,TheBlaze,756346199171559424
2509541430,TheBlaze,755782033113219072
2509541430,TheBlaze,761115949382504448
2509541430,TheBlaze,771900335174459392
2509541430,TheBlaze,756770821205622784
2509541430,TheBlaze,753111856156438529
2509541430,TheBlaze,771711052140646401
2509541430,TheBlaze,756869028099006465
2509541430,TheBlaze,761081812961497089
2509541430,TheBlaze,766280091391393793
2509541430,TheBlaze,708019773536395264
2509541430,TheBlaze,753142926205652992
2509541430,TheBlaze,761109287447908352
2509541430,TheBlaze,766278113680564224
2509541430,TheBlaze,756851891619897344
2509541430,TheBlaze,756387133846331392
2509541430,TheBlaze,761054044567646208
2509541430,TheBlaze,766320106502848512
2509541430,TheBlaze,756381083206287360
2509541430,TheBlaze,756228482988998657
2509541430,TheBlaze,771948705847083011
2509541430,TheBlaze,766149767768465408
2509541430,TheBlaze,766249142872072192
2509541430,TheBlaze,756241114718466052
2509541430,TheBlaze,756404727559094272
2509541430,TheBlaze,756567668400988162
2509541430,TheBlaze,766280342797942784
2509541430,TheBlaze,766253998064140288
2509541430,TheBlaze,756860648143851521
2509541430,TheBlaze,761042620969648128
2509541430,TheBlaze,761076757810118658
2509541430,TheBlaze,766251831118954497
2509541430,TheBlaze,766104667357085696
2509541430,TheBlaze,766125774822903808
2509541430,TheBlaze,756869846936260608
2509541430,TheBlaze,766305191608061952
2509541430,TheBlaze,756024628951285760
2509541430,TheBlaze,765515442685374464
2509541430,TheBlaze,756029927271661568
2509541430,TheBlaze,761118460558454784
2509541430,TheBlaze,755835158830473216
2509541430,TheBlaze,766280239215509504
2509541430,TheBlaze,766276019498123264
2509541430,TheBlaze,766306755483762688
2509541430,TheBlaze,756907485953396736
2509541430,TheBlaze,771952623129858048
2509541430,TheBlaze,761072583538122752
2509541430,TheBlaze,765532603885780992
2509541430,TheBlaze,766244354096783360
2509541430,TheBlaze,766322693088116736
2509541430,TheBlaze,766273382975475712
2509541430,TheBlaze,756722293125054464
2509541430,TheBlaze,766258902346428416
2509541430,TheBlaze,766259739944681472
2509541430,TheBlaze,766334929101844484
2509541430,TheBlaze,771866263375130624
2509541430,TheBlaze,771889934563053568
2509541430,TheBlaze,765517012667863040
2509541430,TheBlaze,766291149153771520
2509541430,TheBlaze,765672282194935808
2509541430,TheBlaze,756873986827517954
2509541430,TheBlaze,761115896966361090
2509541430,TheBlaze,765862940323016704
2509541430,TheBlaze,761120589385863169
2509541430,TheBlaze,771737622251180032
2509541430,TheBlaze,766328299278757888
2509541430,TheBlaze,771711390654554112
2509541430,TheBlaze,765915133591822336
2509541430,TheBlaze,765677962486218752
2509541430,TheBlaze,756926423424720897
2509541430,TheBlaze,766504774653140993
2509541430,TheBlaze,756784839110619137
2509541430,TheBlaze,766287557541912576
2509541430,TheBlaze,744950044248289280
2509541430,TheBlaze,766090608045858818
2509541430,TheBlaze,753137628967469056
2509541430,TheBlaze,755841480846024708
2509541430,TheBlaze,756910506124926976
2509541430,TheBlaze,771938899295952898
2509541430,TheBlaze,771953368185073668
2509541430,TheBlaze,766249809837690881
2509541430,TheBlaze,761110834072301569
2509541430,TheBlaze,753108773946925056
2509541430,TheBlaze,771948432105803776
2509541430,TheBlaze,766274088520314880
2509541430,TheBlaze,766259711603859456
2509541430,TheBlaze,765779272632004608
2509541430,TheBlaze,756790005092192257
2509541430,TheBlaze,766140654216970241
2509541430,TheBlaze,756891292383191045
2509541430,TheBlaze,766114550307516416
2509541430,TheBlaze,766271258824704000
2509541430,TheBlaze,766264845830414336
2509541430,TheBlaze,766328265720160256
2509541430,TheBlaze,756498150676918272
2509541430,TheBlaze,756842983085989888
2509541430,TheBlaze,756361788627750912
2509541430,TheBlaze,766349117899628544
2509541430,TheBlaze,765865125685370881
2509541430,TheBlaze,761058112228831232
2509541430,TheBlaze,771780631890169856
2509541430,TheBlaze,766342750186905600
2509541430,TheBlaze,766341315432968192
2509541430,TheBlaze,766302919419453440
2509541430,TheBlaze,756877003966537728
2509541430,TheBlaze,765900241279262720
2509541430,TheBlaze,755795852833292288
2509541430,TheBlaze,766321548890374144
2509541430,TheBlaze,755783220734623744
2509541430,TheBlaze,771949066729230336
2509541430,TheBlaze,766141459401740288
2509541430,TheBlaze,766189352074575872
2509541430,TheBlaze,766349909817720832
2509541430,TheBlaze,771755272243216385
2509541430,TheBlaze,766278771699748866
2509541430,TheBlaze,766102611997122560
2509541430,TheBlaze,761052233177849860
2509541430,TheBlaze,756784400835239940
2509541430,TheBlaze,761097678436433920
2509541430,TheBlaze,766094708603031556
2509541430,TheBlaze,755851743326461952
2509541430,TheBlaze,756809986165075968
2509541430,TheBlaze,766051952476250112
2509541430,TheBlaze,761051243112378369
2509541430,TheBlaze,766250801077555200
2509541430,TheBlaze,761116870397136900
2509541430,TheBlaze,766257379566559232
2509541430,TheBlaze,761170940180959232
2509541430,TheBlaze,766145696852480000
2509541430,TheBlaze,766503319179300864
2509541430,TheBlaze,756584684935602176
2509541430,TheBlaze,755876800786472961
2509541430,TheBlaze,765899641216991232
2509541430,TheBlaze,766260398844764160
2509541430,TheBlaze,756826832083755008
2509541430,TheBlaze,766297571111346176
2509541430,TheBlaze,756882417336590336
2509541430,TheBlaze,761097208129171457
2509541430,TheBlaze,756442503646175232
2509541430,TheBlaze,766255817146437632
2509541430,TheBlaze,756758594293534720
2509541430,TheBlaze,766500523973472257
2509541430,TheBlaze,766265993610027008
2509541430,TheBlaze,761127424100737024
2509541430,TheBlaze,756847474007040000
2509541430,TheBlaze,771919956271308800
2509541430,TheBlaze,761128150369603584
2509541430,TheBlaze,756389677012221952
2509541430,TheBlaze,766503688210874372
2509541430,TheBlaze,766324018047774721
2509541430,TheBlaze,761068522977923072
2509541430,TheBlaze,756437275597279232
2509541430,TheBlaze,766292158454325248
624210678,Live Show - ALEX JONES Prison Planet TV,731877450343456768
624210678,Live Show - ALEX JONES Prison Planet TV,4514683514
624210678,Live Show - ALEX JONES Prison Planet TV,315950800
624210678,Live Show - ALEX JONES Prison Planet TV,739313405719257088
624210678,Live Show - ALEX JONES Prison Planet TV,24657763
172469352,TheBlaze,32283017
172469352,TheBlaze,355335944
267719395,TheBlaze,474746237
267719395,TheBlaze,254131652
267719395,TheBlaze,33904581
267719395,TheBlaze,346884443
267719395,TheBlaze,823933777147822081
267719395,TheBlaze,838399572
267719395,TheBlaze,1129647830
267719395,TheBlaze,1043458579
267719395,TheBlaze,167173030
267719395,TheBlaze,10774652
267719395,TheBlaze,69608224
267719395,TheBlaze,2271884777
267719395,TheBlaze,2707645759
2550649962,BREAKING! Same Israeli photo-propagandist pre-positioned in Nice AND NOW MUNICH,468798917
2550649962,BREAKING! Same Israeli photo-propagandist pre-positioned in Nice AND NOW MUNICH,3104154670
47002319,TheBlaze,2271884777
788894920941576193,Breitbart Sports Articles,587782307
316057426,A 'Harvard Study' Doesn't Disprove Racial Bias in Officer-Involved Shootings,19404295
1167502861,Breitbart London Articles,399065347
784380838788096000,TheBlaze,766122880929239040
784380838788096000,TheBlaze,766496917559840768
784380838788096000,TheBlaze,766250065128255488
784380838788096000,TheBlaze,765746904802160640
784380838788096000,TheBlaze,765717850392817664
784380838788096000,TheBlaze,766279391659880448
784380838788096000,TheBlaze,766265168691101696
784380838788096000,TheBlaze,766318478374625280
784380838788096000,TheBlaze,766258902346428416
784380838788096000,TheBlaze,766260497226268672
784380838788096000,TheBlaze,766301697039884288
784380838788096000,TheBlaze,766115547180392449
784380838788096000,TheBlaze,765779272632004608
784380838788096000,TheBlaze,765678467920883712
784380838788096000,TheBlaze,765918155805982720
784380838788096000,TheBlaze,766309729555582976
784380838788096000,TheBlaze,766498981904052224
784380838788096000,TheBlaze,766252919821889536
784380838788096000,TheBlaze,766340886271844353
784380838788096000,TheBlaze,766297571111346176
784380838788096000,TheBlaze,765734818567118848
784380838788096000,TheBlaze,766318827185537026
784380838788096000,TheBlaze,766278113680564224
784380838788096000,TheBlaze,766208839511314432
784380838788096000,TheBlaze,766249142872072192
784380838788096000,TheBlaze,766280342797942784
784380838788096000,TheBlaze,765515442685374464
784380838788096000,TheBlaze,766273382975475712
784380838788096000,TheBlaze,766302919419453440
784380838788096000,TheBlaze,766114550307516416
784380838788096000,TheBlaze,766328265720160256
784380838788096000,TheBlaze,766145696852480000
784380838788096000,TheBlaze,766144214002438144
784380838788096000,TheBlaze,766259711603859456
784380838788096000,TheBlaze,766503688210874372
784380838788096000,TheBlaze,765755000375152640
784380838788096000,TheBlaze,765897572191993856
784380838788096000,TheBlaze,766342750186905600
784380838788096000,TheBlaze,765687345345597440
784380838788096000,TheBlaze,766253005553491968
784380838788096000,TheBlaze,765754703955320834
784380838788096000,TheBlaze,766253521167581185
784380838788096000,TheBlaze,766256076727656448
784380838788096000,TheBlaze,766278349798961153
784380838788096000,TheBlaze,766327450183827456
784380838788096000,TheBlaze,766252975081873408
784380838788096000,TheBlaze,766122394125754368
784380838788096000,TheBlaze,766089159866023936
784380838788096000,TheBlaze,766108348672536577
784380838788096000,TheBlaze,766317803603460097
784380838788096000,TheBlaze,766496918637776896
784380838788096000,TheBlaze,766296869966344192
784380838788096000,TheBlaze,766249022852046848
784380838788096000,TheBlaze,766331290941530112
784380838788096000,TheBlaze,766290172937924608
784380838788096000,TheBlaze,765683902417608704
784380838788096000,TheBlaze,765914704774565889
784380838788096000,TheBlaze,766502435070377984
784380838788096000,TheBlaze,766251066577018880
784380838788096000,TheBlaze,766280091391393793
784380838788096000,TheBlaze,766320106502848512
784380838788096000,TheBlaze,766149767768465408
784380838788096000,TheBlaze,766495911036018688
784380838788096000,TheBlaze,766251831118954497
784380838788096000,TheBlaze,766276019498123264
784380838788096000,TheBlaze,766334929101844484
784380838788096000,TheBlaze,766328430593994753
784380838788096000,TheBlaze,765677962486218752
784380838788096000,TheBlaze,766491445742239744
784380838788096000,TheBlaze,766249809837690881
784380838788096000,TheBlaze,766250179666309120
784380838788096000,TheBlaze,766349117899628544
784380838788096000,TheBlaze,765900241279262720
784380838788096000,TheBlaze,766141459401740288
784380838788096000,TheBlaze,766278771699748866
784380838788096000,TheBlaze,765893302768009216
784380838788096000,TheBlaze,766120445888331777
784380838788096000,TheBlaze,766251717017083904
784380838788096000,TheBlaze,766308735547498497
784380838788096000,TheBlaze,766312538514522112
784380838788096000,TheBlaze,765683133907922944
784380838788096000,TheBlaze,766345472411860996
784380838788096000,TheBlaze,766287736089313281
784380838788096000,TheBlaze,766267711517319168
784380838788096000,TheBlaze,766549653391183873
784380838788096000,TheBlaze,766140654216970241
784380838788096000,TheBlaze,766501186883248128
784380838788096000,TheBlaze,766347801303388160
784380838788096000,TheBlaze,766338045956222976
784380838788096000,TheBlaze,766424392427532288
784380838788096000,TheBlaze,766090608045858818
784380838788096000,TheBlaze,765915133591822336
784380838788096000,TheBlaze,766051952476250112
784380838788096000,TheBlaze,766280239215509504
784380838788096000,TheBlaze,765532603885780992
784380838788096000,TheBlaze,766322693088116736
784380838788096000,TheBlaze,765672282194935808
784380838788096000,TheBlaze,766328299278757888
784380838788096000,TheBlaze,766274088520314880
784380838788096000,TheBlaze,765862940323016704
784380838788096000,TheBlaze,766341315432968192
784380838788096000,TheBlaze,766321548890374144
784380838788096000,TheBlaze,766102611997122560
784380838788096000,TheBlaze,766094708603031556
784380838788096000,TheBlaze,766257379566559232
784380838788096000,TheBlaze,766251815981678592
784380838788096000,TheBlaze,765899641216991232
784380838788096000,TheBlaze,766291149153771520
784380838788096000,TheBlaze,766255817146437632
784380838788096000,TheBlaze,766500523973472257
784380838788096000,TheBlaze,766265993610027008
784380838788096000,TheBlaze,766324018047774721
784380838788096000,TheBlaze,766091664465227776
784380838788096000,TheBlaze,766112306975674368
784380838788096000,TheBlaze,766251056292622336
784380838788096000,TheBlaze,766340768164352000
784380838788096000,TheBlaze,766494539032956928
784380838788096000,TheBlaze,766116099809243136
784380838788096000,TheBlaze,766264853392687104
784380838788096000,TheBlaze,766285359487586304
784380838788096000,TheBlaze,765754081428250625
784380838788096000,TheBlaze,765870238172909568
784380838788096000,TheBlaze,766452412592906240
784380838788096000,TheBlaze,766346994893881344
784380838788096000,TheBlaze,766287912501665792
784380838788096000,TheBlaze,766268143710957568
784380838788096000,TheBlaze,766273709103542273
784380838788096000,TheBlaze,765899195161120768
784380838788096000,TheBlaze,766289390532460544
784380838788096000,TheBlaze,766259739944681472
784380838788096000,TheBlaze,766326770685603840
784380838788096000,TheBlaze,766292535962640384
784380838788096000,TheBlaze,766258029994082304
784380838788096000,TheBlaze,766112923794145280
784380838788096000,TheBlaze,766340687113678848
784380838788096000,TheBlaze,766505600498929664
784380838788096000,TheBlaze,766272344847417344
784380838788096000,TheBlaze,766250801077555200
784380838788096000,TheBlaze,766087401823428608
784380838788096000,TheBlaze,766496989202767872
784380838788096000,TheBlaze,766253998064140288
784380838788096000,TheBlaze,766271258824704000
784380838788096000,TheBlaze,766305191608061952
784380838788096000,TheBlaze,766306755483762688
784380838788096000,TheBlaze,766244354096783360
784380838788096000,TheBlaze,766086866152161280
784380838788096000,TheBlaze,766309335706267649
784380838788096000,TheBlaze,765517012667863040
784380838788096000,TheBlaze,766623300340609024
784380838788096000,TheBlaze,766504774653140993
784380838788096000,TheBlaze,766264845830414336
784380838788096000,TheBlaze,765865125685370881
784380838788096000,TheBlaze,766189352074575872
784380838788096000,TheBlaze,766349909817720832
784380838788096000,TheBlaze,766286745147150336
784380838788096000,TheBlaze,766104667357085696
784380838788096000,TheBlaze,766479291844554752
784380838788096000,TheBlaze,766125774822903808
784380838788096000,TheBlaze,766503319179300864
784380838788096000,TheBlaze,766260398844764160
784380838788096000,TheBlaze,766287557541912576
784380838788096000,TheBlaze,765684702674030593
784380838788096000,TheBlaze,766292158454325248
62147616,IRS Corruption Fuels Billions in Fraudulent Payments to Illegal Aliens,33904581
62147616,IRS Corruption Fuels Billions in Fraudulent Payments to Illegal Aliens,29008860
62147616,IRS Corruption Fuels Billions in Fraudulent Payments to Illegal Aliens,83023044
62147616,IRS Corruption Fuels Billions in Fraudulent Payments to Illegal Aliens,214041868
62147616,IRS Corruption Fuels Billions in Fraudulent Payments to Illegal Aliens,2935585568
62147616,IRS Corruption Fuels Billions in Fraudulent Payments to Illegal Aliens,811038191494918144
62147616,IRS Corruption Fuels Billions in Fraudulent Payments to Illegal Aliens,760261767322710016
62147616,IRS Corruption Fuels Billions in Fraudulent Payments to Illegal Aliens,261749735
62147616,IRS Corruption Fuels Billions in Fraudulent Payments to Illegal Aliens,507468566
62147616,IRS Corruption Fuels Billions in Fraudulent Payments to Illegal Aliens,716688712579489792
62147616,IRS Corruption Fuels Billions in Fraudulent Payments to Illegal Aliens,532887643
62147616,IRS Corruption Fuels Billions in Fraudulent Payments to Illegal Aliens,24657763
522537060,TheBlaze,785312144363368449
522537060,TheBlaze,355335944
522537060,TheBlaze,32283017
522537060,TheBlaze,3834546569
522537060,TheBlaze,716418247579549696
522537060,TheBlaze,716418247579549696
587782307,Breitbart Sports Articles,788894920941576193
717837252316028928,A 'Harvard Study' Doesn't Disprove Racial Bias in Officer-Involved Shootings,14294848
717837252316028928,A 'Harvard Study' Doesn't Disprove Racial Bias in Officer-Involved Shootings,14457021
3886705519,GOP Pushing Legislation 'Written for the Muslim Brotherhood',41634520
143826254,Redirect to another web page,822642106745372672
2881957905,Study Links Clinical Depression To Getting Dunked On,338626783
1421531204,Study Links Clinical Depression To Getting Dunked On,389658055
1421531204,Study Links Clinical Depression To Getting Dunked On,72095528
2201016251,IRS Corruption Fuels Billions in Fraudulent Payments to Illegal Aliens,4230384973
1242190387,BREAKING! Same Israeli photo-propagandist pre-positioned in Nice AND NOW MUNICH,468798917
1242190387,BREAKING! Same Israeli photo-propagandist pre-positioned in Nice AND NOW MUNICH,2877712525
1242190387,BREAKING! Same Israeli photo-propagandist pre-positioned in Nice AND NOW MUNICH,1662690468
832965832837885955,Big Government Articles,13960902
832965832837885955,Big Government Articles,375669510
732815636066361344,BREAKING! Same Israeli photo-propagandist pre-positioned in Nice AND NOW MUNICH,272118514
732815636066361344,BREAKING! Same Israeli photo-propagandist pre-positioned in Nice AND NOW MUNICH,701581697679110145
2490640097,BREAKING! Same Israeli photo-propagandist pre-positioned in Nice AND NOW MUNICH,756106767646482432
2490640097,BREAKING! Same Israeli photo-propagandist pre-positioned in Nice AND NOW MUNICH,3375673725
469194846,Clock Kid's lawsuit against pundits dismissed after 'painfully embarrassing' hearing,2561555594
469194846,Clock Kid's lawsuit against pundits dismissed after 'painfully embarrassing' hearing,860807707
469194846,Clock Kid's lawsuit against pundits dismissed after 'painfully embarrassing' hearing,838399572
469194846,Clock Kid's lawsuit against pundits dismissed after 'painfully embarrassing' hearing,307705141
469194846,Clock Kid's lawsuit against pundits dismissed after 'painfully embarrassing' hearing,867442170
469194846,Clock Kid's lawsuit against pundits dismissed after 'painfully embarrassing' hearing,18284893
469194846,Clock Kid's lawsuit against pundits dismissed after 'painfully embarrassing' hearing,330746187
469194846,Clock Kid's lawsuit against pundits dismissed after 'painfully embarrassing' hearing,1418775942
469194846,Clock Kid's lawsuit against pundits dismissed after 'painfully embarrassing' hearing,1227326366
469194846,Clock Kid's lawsuit against pundits dismissed after 'painfully embarrassing' hearing,603327736
469194846,Clock Kid's lawsuit against pundits dismissed after 'painfully embarrassing' hearing,595245489
469194846,Clock Kid's lawsuit against pundits dismissed after 'painfully embarrassing' hearing,632509336
469194846,Clock Kid's lawsuit against pundits dismissed after 'painfully embarrassing' hearing,795443537403854848
469194846,Clock Kid's lawsuit against pundits dismissed after 'painfully embarrassing' hearing,717766985933828096
469194846,Clock Kid's lawsuit against pundits dismissed after 'painfully embarrassing' hearing,148767335
469194846,Clock Kid's lawsuit against pundits dismissed after 'painfully embarrassing' hearing,2863512872
469194846,Clock Kid's lawsuit against pundits dismissed after 'painfully embarrassing' hearing,532887643
469194846,Clock Kid's lawsuit against pundits dismissed after 'painfully embarrassing' hearing,3018053592
469194846,Clock Kid's lawsuit against pundits dismissed after 'painfully embarrassing' hearing,602415323
469194846,Clock Kid's lawsuit against pundits dismissed after 'painfully embarrassing' hearing,4223251997
469194846,Clock Kid's lawsuit against pundits dismissed after 'painfully embarrassing' hearing,369249722
469194846,Clock Kid's lawsuit against pundits dismissed after 'painfully embarrassing' hearing,532554400
469194846,Clock Kid's lawsuit against pundits dismissed after 'painfully embarrassing' hearing,2849879751
469194846,Clock Kid's lawsuit against pundits dismissed after 'painfully embarrassing' hearing,592308060
469194846,Clock Kid's lawsuit against pundits dismissed after 'painfully embarrassing' hearing,754432997093498882
479810905,BREAKING! Same Israeli photo-propagandist pre-positioned in Nice AND NOW MUNICH,756106767646482432
479810905,BREAKING! Same Israeli photo-propagandist pre-positioned in Nice AND NOW MUNICH,3375673725
3908662753,IRS Corruption Fuels Billions in Fraudulent Payments to Illegal Aliens,375669510
85726740,BREAKING! Same Israeli photo-propagandist pre-positioned in Nice AND NOW MUNICH,2564090383
85726740,Benjamin Freedman Exposed the Khazarian Mafia,2564090383
85726740,Benjamin Freedman Exposed the Khazarian Mafia,2595739767
85726740,BREAKING! Same Israeli photo-propagandist pre-positioned in Nice AND NOW MUNICH,2877712525
784380049050963968,TheBlaze,763742270403276801
784380049050963968,TheBlaze,763743217368137729
784380049050963968,TheBlaze,771106797667160068
784380049050963968,TheBlaze,771105372572622860
784380049050963968,TheBlaze,763748114754834432
784380049050963968,TheBlaze,755072635332165632
784380049050963968,TheBlaze,765993050950819842
784380049050963968,TheBlaze,4744380384
784380049050963968,TheBlaze,766462120322015232
784380049050963968,TheBlaze,765997500801187840
784380049050963968,TheBlaze,763967911841046528
784380049050963968,TheBlaze,763739094413344768
784380049050963968,TheBlaze,4775160341
784380049050963968,TheBlaze,766044757902647296
784380049050963968,TheBlaze,766061797044551680
784380049050963968,TheBlaze,763704875884679168
784380049050963968,TheBlaze,766058002457722880
784380049050963968,TheBlaze,4774994511
784380049050963968,TheBlaze,765997726047821826
784380049050963968,TheBlaze,4772276841
784380049050963968,TheBlaze,766039374748319745
784380049050963968,TheBlaze,766041291633418240
784380049050963968,TheBlaze,766062190281580548
784380049050963968,TheBlaze,766062751160606720
784380049050963968,TheBlaze,763944222235910144
784380049050963968,TheBlaze,771104779158315008
784380049050963968,TheBlaze,771134389451304960
784380049050963968,TheBlaze,771117958932393984
784380049050963968,TheBlaze,766553608389218304
784380049050963968,TheBlaze,763930166179405824
784380049050963968,TheBlaze,766062010706657283
784380049050963968,TheBlaze,771116546726899712
784380049050963968,TheBlaze,771096729517187073
784380049050963968,TheBlaze,771124279157063680
784380049050963968,TheBlaze,763943077211799552
784380049050963968,TheBlaze,766062759310221312
784380049050963968,TheBlaze,763942743273906176
784380049050963968,TheBlaze,763705841849696256
784380049050963968,TheBlaze,763755523640614912
784380049050963968,TheBlaze,771123948624961537
784380049050963968,TheBlaze,4777290509
784380049050963968,TheBlaze,771098913566760960
784380049050963968,TheBlaze,746410715372654592
784380049050963968,TheBlaze,766064881850286086
784380049050963968,TheBlaze,4776571467
784380049050963968,TheBlaze,763696410579636224
784380049050963968,TheBlaze,4772319321
784380049050963968,TheBlaze,746279946193035265
784380049050963968,TheBlaze,771091044041646080
784380049050963968,TheBlaze,766044687186681856
784380049050963968,TheBlaze,771124998694199297
784380049050963968,TheBlaze,766061603511013376
784380049050963968,TheBlaze,771095339201916928
784380049050963968,TheBlaze,771115680347422721
784380049050963968,TheBlaze,763968701410385920
784380049050963968,TheBlaze,4775787135
784380049050963968,TheBlaze,771097348395110400
784380049050963968,TheBlaze,771136011120377856
784380049050963968,TheBlaze,766042204985036800
784380049050963968,TheBlaze,771097569837613056
784380049050963968,TheBlaze,4775865317
784380049050963968,TheBlaze,771126921061142530
784380049050963968,TheBlaze,766574968608030720
784380049050963968,TheBlaze,763741524345688065
784380049050963968,TheBlaze,763705636542709760
784380049050963968,TheBlaze,771115950284365829
784380049050963968,TheBlaze,766041902407880707
784380049050963968,TheBlaze,4773750857
784380049050963968,TheBlaze,765996033725894668
784380049050963968,TheBlaze,755076656205889536
784380049050963968,TheBlaze,765994099581255681
784380049050963968,TheBlaze,771135246955909120
784380049050963968,TheBlaze,771104881197318144
784380049050963968,TheBlaze,763747738521600001
784380049050963968,TheBlaze,763717771771383808
784380049050963968,TheBlaze,763711471477989376
784380049050963968,TheBlaze,754555928691744768
784380049050963968,TheBlaze,763750542288023552
784380049050963968,TheBlaze,771090957974528001
784380049050963968,TheBlaze,765994406365294592
784380049050963968,TheBlaze,763697102409109504
784380049050963968,TheBlaze,771126348551184384
784380049050963968,TheBlaze,766043919524200449
784380049050963968,TheBlaze,763709783400706048
784380049050963968,TheBlaze,766144745215229952
784380049050963968,TheBlaze,771126283417767936
784380049050963968,TheBlaze,4743189612
784380049050963968,TheBlaze,771122633517703168
784380049050963968,TheBlaze,771126310437478400
784380049050963968,TheBlaze,771107988778131456
784380049050963968,TheBlaze,766018708540186624
784380049050963968,TheBlaze,771098852975837186
784380049050963968,TheBlaze,754293788932202496
784380049050963968,TheBlaze,766064534838796288
784380049050963968,TheBlaze,763728388548857856
784380049050963968,TheBlaze,771099824720674816
784380049050963968,TheBlaze,763693525330518016
784380049050963968,TheBlaze,763749148839518208
784380049050963968,TheBlaze,766039754173538305
784380049050963968,TheBlaze,766535366064996357
784380049050963968,TheBlaze,766261610403028992
784380049050963968,TheBlaze,771115394895667203
4833630597,Redirect to another web page,25073877
2273723534,TheBlaze,41634520
2273723534,TheBlaze,41634520
2273723534,TheBlaze,41634520
2273723534,TheBlaze,41634520
2273723534,TheBlaze,41634520
2273723534,TheBlaze,25073877
2273723534,TheBlaze,25073877
2273723534,TheBlaze,25073877
1650511974,IRS Corruption Fuels Billions in Fraudulent Payments to Illegal Aliens,822215679726100480
1650511974,IRS Corruption Fuels Billions in Fraudulent Payments to Illegal Aliens,62147616
30351331,Report: Today The Day They Find Out You’re A Fraud,13251052
30351331,Report: Today The Day They Find Out You’re A Fraud,665873
784381417895694336,TheBlaze,763742270403276801
784381417895694336,TheBlaze,763743217368137729
784381417895694336,TheBlaze,771106797667160068
784381417895694336,TheBlaze,771105372572622860
784381417895694336,TheBlaze,763748114754834432
784381417895694336,TheBlaze,755072635332165632
784381417895694336,TheBlaze,765993050950819842
784381417895694336,TheBlaze,4744380384
784381417895694336,TheBlaze,766462120322015232
784381417895694336,TheBlaze,765997500801187840
784381417895694336,TheBlaze,763967911841046528
784381417895694336,TheBlaze,771107988778131456
784381417895694336,TheBlaze,4775160341
784381417895694336,TheBlaze,766044757902647296
784381417895694336,TheBlaze,766535366064996357
784381417895694336,TheBlaze,763704875884679168
784381417895694336,TheBlaze,766058002457722880
784381417895694336,TheBlaze,4774994511
784381417895694336,TheBlaze,765997726047821826
784381417895694336,TheBlaze,4772276841
784381417895694336,TheBlaze,766039374748319745
784381417895694336,TheBlaze,766041291633418240
784381417895694336,TheBlaze,766062190281580548
784381417895694336,TheBlaze,766062751160606720
784381417895694336,TheBlaze,763944222235910144
784381417895694336,TheBlaze,771104779158315008
784381417895694336,TheBlaze,771134389451304960
784381417895694336,TheBlaze,771097348395110400
784381417895694336,TheBlaze,766553608389218304
784381417895694336,TheBlaze,763930166179405824
784381417895694336,TheBlaze,766062010706657283
784381417895694336,TheBlaze,771116546726899712
784381417895694336,TheBlaze,771096729517187073
784381417895694336,TheBlaze,771124279157063680
784381417895694336,TheBlaze,4775787135
784381417895694336,TheBlaze,763943077211799552
784381417895694336,TheBlaze,766062759310221312
784381417895694336,TheBlaze,763942743273906176
784381417895694336,TheBlaze,763705841849696256
784381417895694336,TheBlaze,763755523640614912
784381417895694336,TheBlaze,771123948624961537
784381417895694336,TheBlaze,4777290509
784381417895694336,TheBlaze,771098913566760960
784381417895694336,TheBlaze,746410715372654592
784381417895694336,TheBlaze,766064881850286086
784381417895694336,TheBlaze,4776571467
784381417895694336,TheBlaze,763696410579636224
784381417895694336,TheBlaze,4772319321
784381417895694336,TheBlaze,746279946193035265
784381417895694336,TheBlaze,766064534838796288
784381417895694336,TheBlaze,766044687186681856
784381417895694336,TheBlaze,771124998694199297
784381417895694336,TheBlaze,766061603511013376
784381417895694336,TheBlaze,771095339201916928
784381417895694336,TheBlaze,771117958932393984
784381417895694336,TheBlaze,763968701410385920
784381417895694336,TheBlaze,771136011120377856
784381417895694336,TheBlaze,766042204985036800
784381417895694336,TheBlaze,771097569837613056
784381417895694336,TheBlaze,4775865317
784381417895694336,TheBlaze,771126921061142530
784381417895694336,TheBlaze,766574968608030720
784381417895694336,TheBlaze,771122633517703168
784381417895694336,TheBlaze,763705636542709760
784381417895694336,TheBlaze,771115950284365829
784381417895694336,TheBlaze,766041902407880707
784381417895694336,TheBlaze,4773750857
784381417895694336,TheBlaze,765996033725894668
784381417895694336,TheBlaze,755076656205889536
784381417895694336,TheBlaze,771115680347422721
784381417895694336,TheBlaze,765994099581255681
784381417895694336,TheBlaze,771135246955909120
784381417895694336,TheBlaze,771104881197318144
784381417895694336,TheBlaze,763747738521600001
784381417895694336,TheBlaze,763717771771383808
784381417895694336,TheBlaze,763711471477989376
784381417895694336,TheBlaze,754555928691744768
784381417895694336,TheBlaze,763750542288023552
784381417895694336,TheBlaze,771090957974528001
784381417895694336,TheBlaze,765994406365294592
784381417895694336,TheBlaze,763697102409109504
784381417895694336,TheBlaze,771126348551184384
784381417895694336,TheBlaze,766043919524200449
784381417895694336,TheBlaze,763709783400706048
784381417895694336,TheBlaze,766144745215229952
784381417895694336,TheBlaze,771126283417767936
784381417895694336,TheBlaze,4743189612
784381417895694336,TheBlaze,763741524345688065
784381417895694336,TheBlaze,771126310437478400
784381417895694336,TheBlaze,763739094413344768
784381417895694336,TheBlaze,766018708540186624
784381417895694336,TheBlaze,771098852975837186
784381417895694336,TheBlaze,754293788932202496
784381417895694336,TheBlaze,771091044041646080
784381417895694336,TheBlaze,763728388548857856
784381417895694336,TheBlaze,771099824720674816
784381417895694336,TheBlaze,763693525330518016
784381417895694336,TheBlaze,763749148839518208
784381417895694336,TheBlaze,766039754173538305
784381417895694336,TheBlaze,766061797044551680
784381417895694336,TheBlaze,766261610403028992
784381417895694336,TheBlaze,771115394895667203
784263169996836865,TheBlaze,756863582894260224
784263169996836865,TheBlaze,761118460558454784
784263169996836865,TheBlaze,756385730717478913
784263169996836865,TheBlaze,756796819414343680
784263169996836865,TheBlaze,771945030734970881
784263169996836865,TheBlaze,708087165130039297
784263169996836865,TheBlaze,756860648143851521
784263169996836865,TheBlaze,756712867639025664
784263169996836865,TheBlaze,756790005092192257
784263169996836865,TheBlaze,756891292383191045
784263169996836865,TheBlaze,756503488415277056
784263169996836865,TheBlaze,756498150676918272
784263169996836865,TheBlaze,761042620969648128
784263169996836865,TheBlaze,756356596691853313
784263169996836865,TheBlaze,756891542191824896
784263169996836865,TheBlaze,756893168734535680
784263169996836865,TheBlaze,756350222775816193
784263169996836865,TheBlaze,756562377525620736
784263169996836865,TheBlaze,755847313990438912
784263169996836865,TheBlaze,756899437927079937
784263169996836865,TheBlaze,761062546392518656
784263169996836865,TheBlaze,756921746930954240
784263169996836865,TheBlaze,756922069468770305
784263169996836865,TheBlaze,756784839110619137
784263169996836865,TheBlaze,756912218566955008
784263169996836865,TheBlaze,756346199171559424
784263169996836865,TheBlaze,761115949382504448
784263169996836865,TheBlaze,755841480846024708
784263169996836865,TheBlaze,756381083206287360
784263169996836865,TheBlaze,756404727559094272
784263169996836865,TheBlaze,756567668400988162
784263169996836865,TheBlaze,755821365140348929
784263169996836865,TheBlaze,761076757810118658
784263169996836865,TheBlaze,756904860927291392
784263169996836865,TheBlaze,761119199422914562
784263169996836865,TheBlaze,708157111230816256
784263169996836865,TheBlaze,761128913934225408
784263169996836865,TheBlaze,761115896966361090
784263169996836865,TheBlaze,756507958729670656
784263169996836865,TheBlaze,771900335174459392
784263169996836865,TheBlaze,753142926205652992
784263169996836865,TheBlaze,771938899295952898
784263169996836865,TheBlaze,761110834072301569
784263169996836865,TheBlaze,755795852833292288
784263169996836865,TheBlaze,755783220734623744
784263169996836865,TheBlaze,756575087084572672
784263169996836865,TheBlaze,753137628967469056
784263169996836865,TheBlaze,761116870397136900
784263169996836865,TheBlaze,756816529510002689
784263169996836865,TheBlaze,756904716328701952
784263169996836865,TheBlaze,755876800786472961
784263169996836865,TheBlaze,756882417336590336
784263169996836865,TheBlaze,756442503646175232
784263169996836865,TheBlaze,761052233177849860
784263169996836865,TheBlaze,761068522977923072
784263169996836865,TheBlaze,753119854434127876
784263169996836865,TheBlaze,753119854434127876
784263169996836865,TheBlaze,771746427139686400
784263169996836865,TheBlaze,756911223178928128
784263169996836865,TheBlaze,771948787266883584
784263169996836865,TheBlaze,756923101728935936
784263169996836865,TheBlaze,756411932240932864
784263169996836865,TheBlaze,756882301125070848
784263169996836865,TheBlaze,756929991959580672
784263169996836865,TheBlaze,756877447530962944
784263169996836865,TheBlaze,756581419095302145
784263169996836865,TheBlaze,756734897943871488
784263169996836865,TheBlaze,753140022128349184
784263169996836865,TheBlaze,761115994995556352
784263169996836865,TheBlaze,756422774424473601
784263169996836865,TheBlaze,771955280015986688
784263169996836865,TheBlaze,771957085768679424
784263169996836865,TheBlaze,771746653695053824
784263169996836865,TheBlaze,755835158830473216
784263169996836865,TheBlaze,761081812961497089
784263169996836865,TheBlaze,756387133846331392
784263169996836865,TheBlaze,756228482988998657
784263169996836865,TheBlaze,761054044567646208
784263169996836865,TheBlaze,755776180142432256
784263169996836865,TheBlaze,756907485953396736
784263169996836865,TheBlaze,756722293125054464
784263169996836865,TheBlaze,755847318297915392
784263169996836865,TheBlaze,756926423424720897
784263169996836865,TheBlaze,761100490897694720
784263169996836865,TheBlaze,756910506124926976
784263169996836865,TheBlaze,765881369943764992
784263169996836865,TheBlaze,765881369943764992
784263169996836865,TheBlaze,753108773946925056
784263169996836865,TheBlaze,756842983085989888
784263169996836865,TheBlaze,771949066729230336
784263169996836865,TheBlaze,771755272243216385
784263169996836865,TheBlaze,761051243112378369
784263169996836865,TheBlaze,761170940180959232
784263169996836865,TheBlaze,756826832083755008
784263169996836865,TheBlaze,761097208129171457
784263169996836865,TheBlaze,761127424100737024
784263169996836865,TheBlaze,756777705400635392
784263169996836865,TheBlaze,756437275597279232
784263169996836865,TheBlaze,756873743746596864
784263169996836865,TheBlaze,756805826799697920
784263169996836865,TheBlaze,771954522763751424
784263169996836865,TheBlaze,761059978085969920
784263169996836865,TheBlaze,756879090205003776
784263169996836865,TheBlaze,756395237900165120
784263169996836865,TheBlaze,756902054992437249
784263169996836865,TheBlaze,756884410679627776
784263169996836865,TheBlaze,756763596718239744
784263169996836865,TheBlaze,753126103313739776
784263169996836865,TheBlaze,753122686226862081
784263169996836865,TheBlaze,755782645284474880
784263169996836865,TheBlaze,761092235286880257
784263169996836865,TheBlaze,755792745063649280
784263169996836865,TheBlaze,753263888666353664
784263169996836865,TheBlaze,756093595015319552
784263169996836865,TheBlaze,771957425561800704
784263169996836865,TheBlaze,745291784650002432
784263169996836865,TheBlaze,756891173860569088
784263169996836865,TheBlaze,771711930289491969
784263169996836865,TheBlaze,756731966779695106
784263169996836865,TheBlaze,756776077066956800
784263169996836865,TheBlaze,755835024457474048
784263169996836865,TheBlaze,761109287447908352
784263169996836865,TheBlaze,771948705847083011
784263169996836865,TheBlaze,756851363406090240
784263169996836865,TheBlaze,756869846936260608
784263169996836865,TheBlaze,746010768693334016
784263169996836865,TheBlaze,756029927271661568
784263169996836865,TheBlaze,771866263375130624
784263169996836865,TheBlaze,756873986827517954
784263169996836865,TheBlaze,756299502932357120
784263169996836865,TheBlaze,744950044248289280
784263169996836865,TheBlaze,753264515802857473
784263169996836865,TheBlaze,870906686
784263169996836865,TheBlaze,771948432105803776
784263169996836865,TheBlaze,755782033113219072
784263169996836865,TheBlaze,771711052140646401
784263169996836865,TheBlaze,756899101032210432
784263169996836865,TheBlaze,756784400835239940
784263169996836865,TheBlaze,756851891619897344
784263169996836865,TheBlaze,756584684935602176
784263169996836865,TheBlaze,756758594293534720
784263169996836865,TheBlaze,756757070444199937
784263169996836865,TheBlaze,756829809754398720
784263169996836865,TheBlaze,756869353375752192
784263169996836865,TheBlaze,756694990533844992
784263169996836865,TheBlaze,755788571332775937
784263169996836865,TheBlaze,756931073821605892
784263169996836865,TheBlaze,771919956271308800
784263169996836865,TheBlaze,753152467395833856
784263169996836865,TheBlaze,756877273177939968
784263169996836865,TheBlaze,756908914764050432
784263169996836865,TheBlaze,771764254613639168
784263169996836865,TheBlaze,761075144081014789
784263169996836865,TheBlaze,753111856156438529
784263169996836865,TheBlaze,756363598050496512
784263169996836865,TheBlaze,756716233815388160
784263169996836865,TheBlaze,756361788627750912
784263169996836865,TheBlaze,755840920621158400
784263169996836865,TheBlaze,771780631890169856
784263169996836865,TheBlaze,753134368688840704
784263169996836865,TheBlaze,771953368185073668
784263169996836865,TheBlaze,755851743326461952
784263169996836865,TheBlaze,756806980623278081
784263169996836865,TheBlaze,756359408855154688
784263169996836865,TheBlaze,756560309792440321
784263169996836865,TheBlaze,756889602078674944
784263169996836865,TheBlaze,761088745810513920
784263169996836865,TheBlaze,753266970074738689
784263169996836865,TheBlaze,753121079724478467
784263169996836865,TheBlaze,761110917476081664
784263169996836865,TheBlaze,771737622251180032
784263169996836865,TheBlaze,756770821205622784
784263169996836865,TheBlaze,756869028099006465
784263169996836865,TheBlaze,708019773536395264
784263169996836865,TheBlaze,756847474007040000
784263169996836865,TheBlaze,771889934563053568
784263169996836865,TheBlaze,756241114718466052
784263169996836865,TheBlaze,753120563875483648
784263169996836865,TheBlaze,756871684335005697
784263169996836865,TheBlaze,761072583538122752
784263169996836865,TheBlaze,761120589385863169
784263169996836865,TheBlaze,771711390654554112
784263169996836865,TheBlaze,761058112228831232
784263169996836865,TheBlaze,756434359360577536
784263169996836865,TheBlaze,756877003966537728
784263169996836865,TheBlaze,761113536487489537
784263169996836865,TheBlaze,756801631228952576
784263169996836865,TheBlaze,761097678436433920
784263169996836865,TheBlaze,756024628951285760
784263169996836865,TheBlaze,756870410910793728
784263169996836865,TheBlaze,756870410910793728
784263169996836865,TheBlaze,771952623129858048
784263169996836865,TheBlaze,756809986165075968
784263169996836865,TheBlaze,761128150369603584
784263169996836865,TheBlaze,756389677012221952
369249722,Clock Kid's lawsuit against pundits dismissed after 'painfully embarrassing' hearing,517084598
369249722,Clock Kid's lawsuit against pundits dismissed after 'painfully embarrassing' hearing,517084598
369249722,Clock Kid's lawsuit against pundits dismissed after 'painfully embarrassing' hearing,517084598
369249722,Clock Kid's lawsuit against pundits dismissed after 'painfully embarrassing' hearing,818158974
1970468270,BREAKING! Same Israeli photo-propagandist pre-positioned in Nice AND NOW MUNICH,253520378
1970468270,BREAKING! Same Israeli photo-propagandist pre-positioned in Nice AND NOW MUNICH,2595739767
1970468270,BREAKING! Same Israeli photo-propagandist pre-positioned in Nice AND NOW MUNICH,2877712525
1560484214,BREAKING! Same Israeli photo-propagandist pre-positioned in Nice AND NOW MUNICH,931737350
1560484214,BREAKING! Same Israeli photo-propagandist pre-positioned in Nice AND NOW MUNICH,701581697679110145
1560484214,BREAKING! Same Israeli photo-propagandist pre-positioned in Nice AND NOW MUNICH,272118514
1560484214,And the biggest false flag story of 2016 is….,253520378
1560484214,BREAKING! Same Israeli photo-propagandist pre-positioned in Nice AND NOW MUNICH,47495966
1560484214,And the biggest false flag story of 2016 is….,277120807
93879982,A 'Harvard Study' Doesn't Disprove Racial Bias in Officer-Involved Shootings,636602792
93879982,A 'Harvard Study' Doesn't Disprove Racial Bias in Officer-Involved Shootings,636602792
93879982,A 'Harvard Study' Doesn't Disprove Racial Bias in Officer-Involved Shootings,1090413126
93879982,A 'Harvard Study' Doesn't Disprove Racial Bias in Officer-Involved Shootings,1090413126
413605324,Report: Today The Day They Find Out You’re A Fraud,25073877
1500129642,Study Links Clinical Depression To Getting Dunked On,2891706904
3590342354,TheBlaze,774474422233210881
3590342354,TheBlaze,774244055450390529
3590342354,TheBlaze,771456116203151365
3590342354,TheBlaze,4744426132
3590342354,TheBlaze,4740519582
3590342354,TheBlaze,774482599121195008
3590342354,TheBlaze,774472530992259072
3590342354,TheBlaze,774465350184341504
3590342354,TheBlaze,771487629477023744
3590342354,TheBlaze,4769164949
3590342354,TheBlaze,774481127650263040
3590342354,TheBlaze,774250440888320000
3590342354,TheBlaze,771464525166043137
3590342354,TheBlaze,771428677150208000
3590342354,TheBlaze,771520528884662272
3590342354,TheBlaze,774461527709671424
3590342354,TheBlaze,771454590424186880
3590342354,TheBlaze,4743980607
3590342354,TheBlaze,774252439499333632
3590342354,TheBlaze,4765386509
3590342354,TheBlaze,774249837218762752
3590342354,TheBlaze,4750398575
3590342354,TheBlaze,4765609456
3590342354,TheBlaze,4741583593
3590342354,TheBlaze,4749469695
3590342354,TheBlaze,774466021314863104
3590342354,TheBlaze,771464704904617984
3590342354,TheBlaze,774464743666913280
3590342354,TheBlaze,771436653663621122
3590342354,TheBlaze,4765417937
3590342354,TheBlaze,771472493429329920
3590342354,TheBlaze,703243021282910208
3590342354,TheBlaze,774247376798318592
3590342354,TheBlaze,774469877440610304
3590342354,TheBlaze,774461077161738240
3590342354,TheBlaze,774481860684554240
3590342354,TheBlaze,4756632442
3590342354,TheBlaze,4740620803
3590342354,TheBlaze,771430027963539456
3590342354,TheBlaze,774248282990063618
3590342354,TheBlaze,4750056501
3590342354,TheBlaze,774478683054616576
3590342354,TheBlaze,771508328400904192
3590342354,TheBlaze,703442199292280832
3590342354,TheBlaze,703233505149460480
3590342354,TheBlaze,774481855185760256
3590342354,TheBlaze,4769066488
3590342354,TheBlaze,774245988680790016
3590342354,TheBlaze,774259285161312257
3590342354,TheBlaze,771498816990171136
3590342354,TheBlaze,708076086169628673
3590342354,TheBlaze,771499239570542592
3590342354,TheBlaze,771454859811913728
3590342354,TheBlaze,703430091397795840
3590342354,TheBlaze,771429235999313921
3590342354,TheBlaze,4744080285
3590342354,TheBlaze,774485451008724992
3590342354,TheBlaze,774479680242118656
3590342354,TheBlaze,706778960986820608
3590342354,TheBlaze,771508545212649472
3590342354,TheBlaze,708161331296219137
3590342354,TheBlaze,708114899969376256
3590342354,TheBlaze,774476307908263936
3590342354,TheBlaze,703204238772584448
3590342354,TheBlaze,774486675019829248
3590342354,TheBlaze,771509614106017792
3590342354,TheBlaze,771733414605127680
3590342354,TheBlaze,708112601536929793
3590342354,TheBlaze,4756769374
3590342354,TheBlaze,774474323318874112
3590342354,TheBlaze,774472690937790464
3590342354,TheBlaze,708137535856369664
3590342354,TheBlaze,774461625512267776
3590342354,TheBlaze,774469369447477248
3590342354,TheBlaze,771520984348233729
3590342354,TheBlaze,771461480633995264
3590342354,TheBlaze,774489101986852865
3590342354,TheBlaze,703424273386500096
3590342354,TheBlaze,4765402703
3590342354,TheBlaze,708138549783240704
3590342354,TheBlaze,774489365145759746
3590342354,TheBlaze,703420315943178240
3590342354,TheBlaze,4741459616
3590342354,TheBlaze,4770714455
3590342354,TheBlaze,771521456069115904
3590342354,TheBlaze,708092688478773248
3590342354,TheBlaze,4744594335
3590342354,TheBlaze,4765424368
3590342354,TheBlaze,774488709626466304
3590342354,TheBlaze,774475497250164736
3590342354,TheBlaze,774468214830997504
3590342354,TheBlaze,703273950667788288
3590342354,TheBlaze,703308495047815169
3590342354,TheBlaze,771508088645885952
3590342354,TheBlaze,771522628519690240
3590342354,TheBlaze,771474441809321985
3590342354,TheBlaze,4739506636
3590342354,TheBlaze,771495737817436160
3590342354,TheBlaze,4757761875
3590342354,TheBlaze,774468214218559488
3590342354,TheBlaze,771485123015348224
3590342354,TheBlaze,774244408006959104
3590342354,TheBlaze,774251218805948416
3590342354,TheBlaze,774245419736072192
3590342354,TheBlaze,774480444255571968
3590342354,TheBlaze,771444827338772480
3590342354,TheBlaze,774486235360301060
3590342354,TheBlaze,4740665774
3590342354,TheBlaze,774473818697969664
3590342354,TheBlaze,774484904830787584
3590342354,TheBlaze,771476421864726528
3590342354,TheBlaze,4769031969
3590342354,TheBlaze,774478873895563264
3590342354,TheBlaze,774469962043764738
3590342354,TheBlaze,774485625420419072
3590342354,TheBlaze,708000044461514752
3590342354,TheBlaze,774261289216598016
3590342354,TheBlaze,774463657698660352
3590342354,TheBlaze,774252539277639681
3590342354,TheBlaze,708041173240258560
3590342354,TheBlaze,707902916468858882
3590342354,TheBlaze,707336145844248576
3590342354,TheBlaze,771484754105556993
3590342354,TheBlaze,771453941469028352
3590342354,TheBlaze,774245417529643008
3590342354,TheBlaze,708048639592177665
3590342354,TheBlaze,774488924110585856
3590342354,TheBlaze,707847856519061504
3590342354,TheBlaze,703510969956352000
3590342354,TheBlaze,774470178277101568
3590342354,TheBlaze,774255353080979456
3590342354,TheBlaze,4740600433
3590342354,TheBlaze,774480511209201664
3590342354,TheBlaze,774466837652398080
3590342354,TheBlaze,4741467926
3590342354,TheBlaze,774244913630380032
3590342354,TheBlaze,771446790524506112
3590342354,TheBlaze,771464093958012928
3590342354,TheBlaze,703553687155818496
3590342354,TheBlaze,774485825908305921
3590342354,TheBlaze,774247692557955072
733246533156655104,TheBlaze,860807707
733246533156655104,TheBlaze,716418247579549696
627053327,TheBlaze,223588321
627053327,TheBlaze,29519474
627053327,TheBlaze,784211306714980354
627053327,TheBlaze,395476407
627053327,TheBlaze,517085541
627053327,TheBlaze,507468566
627053327,TheBlaze,168238759
627053327,TheBlaze,853311624
627053327,TheBlaze,785234767587442688
627053327,TheBlaze,240337066
627053327,TheBlaze,4833630597
627053327,TheBlaze,793194936267145216
627053327,TheBlaze,811038191494918144
627053327,TheBlaze,13960902
627053327,TheBlaze,719674474472210432
627053327,TheBlaze,862412810
627053327,TheBlaze,2735492344
627053327,TheBlaze,709059463987073025
3221924979,TheBlaze,766250065128255488
3221924979,TheBlaze,756385730717478913
3221924979,TheBlaze,766496917559840768
3221924979,TheBlaze,766122880929239040
3221924979,TheBlaze,756422774424473601
3221924979,TheBlaze,756796819414343680
3221924979,TheBlaze,771945030734970881
3221924979,TheBlaze,708087165130039297
3221924979,TheBlaze,756860648143851521
3221924979,TheBlaze,771957085768679424
3221924979,TheBlaze,761119199422914562
3221924979,TheBlaze,756712867639025664
3221924979,TheBlaze,756790005092192257
3221924979,TheBlaze,765717850392817664
3221924979,TheBlaze,766279391659880448
3221924979,TheBlaze,766265168691101696
3221924979,TheBlaze,771746653695053824
3221924979,TheBlaze,766249022852046848
3221924979,TheBlaze,766258902346428416
3221924979,TheBlaze,766495911036018688
3221924979,TheBlaze,756498150676918272
3221924979,TheBlaze,761042620969648128
3221924979,TheBlaze,766115547180392449
3221924979,TheBlaze,756356596691853313
3221924979,TheBlaze,756891542191824896
3221924979,TheBlaze,765779272632004608
3221924979,TheBlaze,756893168734535680
3221924979,TheBlaze,756350222775816193
3221924979,TheBlaze,756437275597279232
3221924979,TheBlaze,765672282194935808
3221924979,TheBlaze,756562377525620736
3221924979,TheBlaze,765678467920883712
3221924979,TheBlaze,756299502932357120
3221924979,TheBlaze,755847313990438912
3221924979,TheBlaze,756899437927079937
3221924979,TheBlaze,761095158439915520
3221924979,TheBlaze,766502435070377984
3221924979,TheBlaze,765918155805982720
3221924979,TheBlaze,766309729555582976
3221924979,TheBlaze,766498981904052224
3221924979,TheBlaze,766252919821889536
3221924979,TheBlaze,756922069468770305
3221924979,TheBlaze,765746904802160640
3221924979,TheBlaze,766340886271844353
3221924979,TheBlaze,766297571111346176
3221924979,TheBlaze,766086866152161280
3221924979,TheBlaze,766318827185537026
3221924979,TheBlaze,756912218566955008
3221924979,TheBlaze,756346199171559424
3221924979,TheBlaze,766260398844764160
3221924979,TheBlaze,771900335174459392
3221924979,TheBlaze,766278113680564224
3221924979,TheBlaze,756851891619897344
3221924979,TheBlaze,756381083206287360
3221924979,TheBlaze,766208839511314432
3221924979,TheBlaze,766249142872072192
3221924979,TheBlaze,756404727559094272
3221924979,TheBlaze,756567668400988162
3221924979,TheBlaze,766280342797942784
3221924979,TheBlaze,755821365140348929
3221924979,TheBlaze,761076757810118658
3221924979,TheBlaze,765755000375152640
3221924979,TheBlaze,765515442685374464
3221924979,TheBlaze,761118460558454784
3221924979,TheBlaze,708157111230816256
3221924979,TheBlaze,761128913934225408
3221924979,TheBlaze,761115896966361090
3221924979,TheBlaze,756784839110619137
3221924979,TheBlaze,755841480846024708
3221924979,TheBlaze,753142926205652992
3221924979,TheBlaze,766302919419453440
3221924979,TheBlaze,761110834072301569
3221924979,TheBlaze,755795852833292288
3221924979,TheBlaze,756694990533844992
3221924979,TheBlaze,756560309792440321
3221924979,TheBlaze,766114550307516416
3221924979,TheBlaze,755783220734623744
3221924979,TheBlaze,756575087084572672
3221924979,TheBlaze,753137628967469056
3221924979,TheBlaze,766251066577018880
3221924979,TheBlaze,761116870397136900
3221924979,TheBlaze,756904716328701952
3221924979,TheBlaze,755876800786472961
3221924979,TheBlaze,756882417336590336
3221924979,TheBlaze,756442503646175232
3221924979,TheBlaze,761052233177849860
3221924979,TheBlaze,761068522977923072
3221924979,TheBlaze,765897572191993856
3221924979,TheBlaze,761088745810513920
3221924979,TheBlaze,766342750186905600
3221924979,TheBlaze,765687345345597440
3221924979,TheBlaze,771746427139686400
3221924979,TheBlaze,766347801303388160
3221924979,TheBlaze,756911223178928128
3221924979,TheBlaze,765754703955320834
3221924979,TheBlaze,766253521167581185
3221924979,TheBlaze,766331022111891456
3221924979,TheBlaze,766256076727656448
3221924979,TheBlaze,771948787266883584
3221924979,TheBlaze,756923101728935936
3221924979,TheBlaze,766327450183827456
3221924979,TheBlaze,756411932240932864
3221924979,TheBlaze,766494539032956928
3221924979,TheBlaze,756882301125070848
3221924979,TheBlaze,766089159866023936
3221924979,TheBlaze,766496918637776896
3221924979,TheBlaze,771711052140646401
3221924979,TheBlaze,766296869966344192
3221924979,TheBlaze,756581419095302145
3221924979,TheBlaze,766120445888331777
3221924979,TheBlaze,766102611997122560
3221924979,TheBlaze,766331290941530112
3221924979,TheBlaze,756734897943871488
3221924979,TheBlaze,766290172937924608
3221924979,TheBlaze,766286745147150336
3221924979,TheBlaze,753140022128349184
3221924979,TheBlaze,753111856156438529
3221924979,TheBlaze,761115994995556352
3221924979,TheBlaze,756816529510002689
3221924979,TheBlaze,771955280015986688
3221924979,TheBlaze,761154112088055809
3221924979,TheBlaze,766260497226268672
3221924979,TheBlaze,765914704774565889
3221924979,TheBlaze,761156378463444993
3221924979,TheBlaze,771957425561800704
3221924979,TheBlaze,756584684935602176
3221924979,TheBlaze,756863582894260224
3221924979,TheBlaze,755835158830473216
3221924979,TheBlaze,766145696852480000
3221924979,TheBlaze,761081812961497089
3221924979,TheBlaze,766280091391393793
3221924979,TheBlaze,771737622251180032
3221924979,TheBlaze,756387133846331392
3221924979,TheBlaze,766320106502848512
3221924979,TheBlaze,756228482988998657
3221924979,TheBlaze,766328430593994753
3221924979,TheBlaze,755776180142432256
3221924979,TheBlaze,771954522763751424
3221924979,TheBlaze,756907485953396736
3221924979,TheBlaze,756722293125054464
3221924979,TheBlaze,766334929101844484
3221924979,TheBlaze,756926423424720897
3221924979,TheBlaze,761100490897694720
3221924979,TheBlaze,756910506124926976
3221924979,TheBlaze,766249809837690881
3221924979,TheBlaze,753108773946925056
3221924979,TheBlaze,766250179666309120
3221924979,TheBlaze,766265993610027008
3221924979,TheBlaze,756842983085989888
3221924979,TheBlaze,765900241279262720
3221924979,TheBlaze,771949066729230336
3221924979,TheBlaze,771755272243216385
3221924979,TheBlaze,766278771699748866
3221924979,TheBlaze,766251831118954497
3221924979,TheBlaze,761051243112378369
3221924979,TheBlaze,766250801077555200
3221924979,TheBlaze,761170940180959232
3221924979,TheBlaze,766305191608061952
3221924979,TheBlaze,766491445742239744
3221924979,TheBlaze,756826832083755008
3221924979,TheBlaze,761097208129171457
3221924979,TheBlaze,761127424100737024
3221924979,TheBlaze,756777705400635392
3221924979,TheBlaze,765893302768009216
3221924979,TheBlaze,756873743746596864
3221924979,TheBlaze,766251717017083904
3221924979,TheBlaze,766318478374625280
3221924979,TheBlaze,766308735547498497
3221924979,TheBlaze,756805826799697920
3221924979,TheBlaze,766276019498123264
3221924979,TheBlaze,755813412370780160
3221924979,TheBlaze,756869353375752192
3221924979,TheBlaze,766312538514522112
3221924979,TheBlaze,761059978085969920
3221924979,TheBlaze,756879090205003776
3221924979,TheBlaze,753122686226862081
3221924979,TheBlaze,756395237900165120
3221924979,TheBlaze,756902054992437249
3221924979,TheBlaze,774363305829883904
3221924979,TheBlaze,756884410679627776
3221924979,TheBlaze,765683133907922944
3221924979,TheBlaze,753126103313739776
3221924979,TheBlaze,766345472411860996
3221924979,TheBlaze,766287736089313281
3221924979,TheBlaze,761157931568095232
3221924979,TheBlaze,766267711517319168
3221924979,TheBlaze,766272344847417344
3221924979,TheBlaze,755782645284474880
3221924979,TheBlaze,761153487321305088
3221924979,TheBlaze,761120589385863169
3221924979,TheBlaze,755792745063649280
3221924979,TheBlaze,761143012818841600
3221924979,TheBlaze,753263888666353664
3221924979,TheBlaze,756093595015319552
3221924979,TheBlaze,766501186883248128
3221924979,TheBlaze,766253005553491968
3221924979,TheBlaze,755788571332775937
3221924979,TheBlaze,745291784650002432
3221924979,TheBlaze,766338045956222976
3221924979,TheBlaze,756891173860569088
3221924979,TheBlaze,766257379566559232
3221924979,TheBlaze,766297800288141312
3221924979,TheBlaze,756931073821605892
3221924979,TheBlaze,771711930289491969
3221924979,TheBlaze,761154932288450560
3221924979,TheBlaze,756731966779695106
3221924979,TheBlaze,756776077066956800
3221924979,TheBlaze,766140654216970241
3221924979,TheBlaze,766090608045858818
3221924979,TheBlaze,761156352664371200
3221924979,TheBlaze,4743926952
3221924979,TheBlaze,761109287447908352
3221924979,TheBlaze,756851363406090240
3221924979,TheBlaze,765915133591822336
3221924979,TheBlaze,756869846936260608
3221924979,TheBlaze,766104667357085696
3221924979,TheBlaze,766051952476250112
3221924979,TheBlaze,756503488415277056
3221924979,TheBlaze,746010768693334016
3221924979,TheBlaze,756029927271661568
3221924979,TheBlaze,766280239215509504
3221924979,TheBlaze,765532603885780992
3221924979,TheBlaze,766259739944681472
3221924979,TheBlaze,771866263375130624
3221924979,TheBlaze,756873986827517954
3221924979,TheBlaze,766328299278757888
3221924979,TheBlaze,744950044248289280
3221924979,TheBlaze,753264515802857473
3221924979,TheBlaze,771948432105803776
3221924979,TheBlaze,766274088520314880
3221924979,TheBlaze,766328265720160256
3221924979,TheBlaze,766341315432968192
3221924979,TheBlaze,755782033113219072
3221924979,TheBlaze,756899101032210432
3221924979,TheBlaze,756784400835239940
3221924979,TheBlaze,80392182
3221924979,TheBlaze,756763596718239744
3221924979,TheBlaze,766251815981678592
3221924979,TheBlaze,766291149153771520
3221924979,TheBlaze,766255817146437632
3221924979,TheBlaze,756758594293534720
3221924979,TheBlaze,756757070444199937
3221924979,TheBlaze,756921746930954240
3221924979,TheBlaze,756847474007040000
3221924979,TheBlaze,766264853392687104
3221924979,TheBlaze,766349117899628544
3221924979,TheBlaze,766324018047774721
3221924979,TheBlaze,766091664465227776
3221924979,TheBlaze,755847318297915392
3221924979,TheBlaze,766112306975674368
3221924979,TheBlaze,766251056292622336
3221924979,TheBlaze,766340768164352000
3221924979,TheBlaze,766116099809243136
3221924979,TheBlaze,4774803747
3221924979,TheBlaze,771919956271308800
3221924979,TheBlaze,753152467395833856
3221924979,TheBlaze,766285359487586304
3221924979,TheBlaze,756877273177939968
3221924979,TheBlaze,766141459401740288
3221924979,TheBlaze,756908914764050432
3221924979,TheBlaze,771764254613639168
3221924979,TheBlaze,761153587556876288
3221924979,TheBlaze,766349909817720832
3221924979,TheBlaze,756363598050496512
3221924979,TheBlaze,756716233815388160
3221924979,TheBlaze,756877447530962944
3221924979,TheBlaze,756361788627750912
3221924979,TheBlaze,755840920621158400
3221924979,TheBlaze,765754081428250625
3221924979,TheBlaze,761075144081014789
3221924979,TheBlaze,771780631890169856
3221924979,TheBlaze,753134368688840704
3221924979,TheBlaze,765734818567118848
3221924979,TheBlaze,771953368185073668
3221924979,TheBlaze,766346994893881344
3221924979,TheBlaze,766268143710957568
3221924979,TheBlaze,766301697039884288
3221924979,TheBlaze,756806980623278081
3221924979,TheBlaze,756359408855154688
3221924979,TheBlaze,771086934382960640
3221924979,TheBlaze,765899195161120768
3221924979,TheBlaze,766289390532460544
3221924979,TheBlaze,766326770685603840
3221924979,TheBlaze,766292535962640384
3221924979,TheBlaze,766112923794145280
3221924979,TheBlaze,766340687113678848
3221924979,TheBlaze,766144214002438144
3221924979,TheBlaze,756889602078674944
3221924979,TheBlaze,753266970074738689
3221924979,TheBlaze,774387734412754944
3221924979,TheBlaze,753121079724478467
3221924979,TheBlaze,761110917476081664
3221924979,TheBlaze,756770821205622784
3221924979,TheBlaze,756869028099006465
3221924979,TheBlaze,708019773536395264
3221924979,TheBlaze,761054044567646208
3221924979,TheBlaze,771889934563053568
3221924979,TheBlaze,756241114718466052
3221924979,TheBlaze,766253998064140288
3221924979,TheBlaze,766271258824704000
3221924979,TheBlaze,765870238172909568
3221924979,TheBlaze,753120563875483648
3221924979,TheBlaze,756871684335005697
3221924979,TheBlaze,766500523973472257
3221924979,TheBlaze,766306755483762688
3221924979,TheBlaze,761072583538122752
3221924979,TheBlaze,766244354096783360
3221924979,TheBlaze,766309335706267649
3221924979,TheBlaze,765517012667863040
3221924979,TheBlaze,765862940323016704
3221924979,TheBlaze,771711390654554112
3221924979,TheBlaze,771938899295952898
3221924979,TheBlaze,766504774653140993
3221924979,TheBlaze,766287557541912576
3221924979,TheBlaze,755781342579818496
3221924979,TheBlaze,761092235286880257
3221924979,TheBlaze,766264845830414336
3221924979,TheBlaze,756891292383191045
3221924979,TheBlaze,765865125685370881
3221924979,TheBlaze,761058112228831232
3221924979,TheBlaze,756434359360577536
3221924979,TheBlaze,756877003966537728
3221924979,TheBlaze,761115949382504448
3221924979,TheBlaze,761113536487489537
3221924979,TheBlaze,756801631228952576
3221924979,TheBlaze,761097678436433920
3221924979,TheBlaze,756024628951285760
3221924979,TheBlaze,766125774822903808
3221924979,TheBlaze,765683902417608704
3221924979,TheBlaze,766503319179300864
3221924979,TheBlaze,771952623129858048
3221924979,TheBlaze,766287912501665792
3221924979,TheBlaze,756809986165075968
3221924979,TheBlaze,761128150369603584
3221924979,TheBlaze,756389677012221952
3221924979,TheBlaze,765684702674030593
3221924979,TheBlaze,766292158454325248
58115655,Facebook Inc,1418775942
58115655,Facebook Inc,261749735
58115655,Facebook Inc,315950800
1446408937,TheBlaze,2287176847
1446408937,TheBlaze,592308060
1446408937,TheBlaze,2271884777
1446408937,TheBlaze,37972057
1446408937,TheBlaze,47002319
1446408937,TheBlaze,14316949
1229074621,BREAKING! Same Israeli photo-propagandist pre-positioned in Nice AND NOW MUNICH,1679199278
1229074621,BREAKING! Same Israeli photo-propagandist pre-positioned in Nice AND NOW MUNICH,1679199278
1229074621,BREAKING! Same Israeli photo-propagandist pre-positioned in Nice AND NOW MUNICH,1920598429
826406978,Breitbart TV Articles,818778290525765632
826406978,Breitbart TV Articles,28674311
826406978,Breitbart TV Articles,2595115260
296867794,GOP Pushing Legislation 'Written for the Muslim Brotherhood',788646648322805760
801962070,IRS Corruption Fuels Billions in Fraudulent Payments to Illegal Aliens,385192329
801962070,IRS Corruption Fuels Billions in Fraudulent Payments to Illegal Aliens,766080297209303040
801962070,IRS Corruption Fuels Billions in Fraudulent Payments to Illegal Aliens,509384598
801962070,IRS Corruption Fuels Billions in Fraudulent Payments to Illegal Aliens,231081349
801962070,IRS Corruption Fuels Billions in Fraudulent Payments to Illegal Aliens,62147616
801962070,IRS Corruption Fuels Billions in Fraudulent Payments to Illegal Aliens,731877450343456768
801962070,IRS Corruption Fuels Billions in Fraudulent Payments to Illegal Aliens,796090831060934657
801962070,IRS Corruption Fuels Billions in Fraudulent Payments to Illegal Aliens,466910067
801962070,IRS Corruption Fuels Billions in Fraudulent Payments to Illegal Aliens,4230384973
801962070,IRS Corruption Fuels Billions in Fraudulent Payments to Illegal Aliens,242029797
801962070,IRS Corruption Fuels Billions in Fraudulent Payments to Illegal Aliens,768636515945623552
801962070,IRS Corruption Fuels Billions in Fraudulent Payments to Illegal Aliens,97989357
801962070,IRS Corruption Fuels Billions in Fraudulent Payments to Illegal Aliens,2201016251
801962070,IRS Corruption Fuels Billions in Fraudulent Payments to Illegal Aliens,294312405
801962070,IRS Corruption Fuels Billions in Fraudulent Payments to Illegal Aliens,818778290525765632
801962070,IRS Corruption Fuels Billions in Fraudulent Payments to Illegal Aliens,3908662753
801962070,IRS Corruption Fuels Billions in Fraudulent Payments to Illegal Aliens,277120807
801962070,IRS Corruption Fuels Billions in Fraudulent Payments to Illegal Aliens,930556002
801962070,IRS Corruption Fuels Billions in Fraudulent Payments to Illegal Aliens,1332367184
80392182,Well, this is embarrassing,25073877
37972057,TheBlaze,404200443
37972057,TheBlaze,346884443
784379989340872708,TheBlaze,774474422233210881
784379989340872708,TheBlaze,774244055450390529
784379989340872708,TheBlaze,771456116203151365
784379989340872708,TheBlaze,4744426132
784379989340872708,TheBlaze,4740519582
784379989340872708,TheBlaze,774482599121195008
784379989340872708,TheBlaze,774472530992259072
784379989340872708,TheBlaze,774465350184341504
784379989340872708,TheBlaze,771487629477023744
784379989340872708,TheBlaze,4769164949
784379989340872708,TheBlaze,774481127650263040
784379989340872708,TheBlaze,774250440888320000
784379989340872708,TheBlaze,708000044461514752
784379989340872708,TheBlaze,771508328400904192
784379989340872708,TheBlaze,771428677150208000
784379989340872708,TheBlaze,771520528884662272
784379989340872708,TheBlaze,774485625420419072
784379989340872708,TheBlaze,771454590424186880
784379989340872708,TheBlaze,4743980607
784379989340872708,TheBlaze,774252439499333632
784379989340872708,TheBlaze,4765386509
784379989340872708,TheBlaze,774249837218762752
784379989340872708,TheBlaze,4750398575
784379989340872708,TheBlaze,4765609456
784379989340872708,TheBlaze,4741583593
784379989340872708,TheBlaze,4749469695
784379989340872708,TheBlaze,774466021314863104
784379989340872708,TheBlaze,771464704904617984
784379989340872708,TheBlaze,774464743666913280
784379989340872708,TheBlaze,703243021282910208
784379989340872708,TheBlaze,771436653663621122
784379989340872708,TheBlaze,4765417937
784379989340872708,TheBlaze,706778960986820608
784379989340872708,TheBlaze,774486675019829248
784379989340872708,TheBlaze,774247376798318592
784379989340872708,TheBlaze,774469877440610304
784379989340872708,TheBlaze,774461077161738240
784379989340872708,TheBlaze,774481860684554240
784379989340872708,TheBlaze,4756632442
784379989340872708,TheBlaze,4740620803
784379989340872708,TheBlaze,771430027963539456
784379989340872708,TheBlaze,771454859811913728
784379989340872708,TheBlaze,4750056501
784379989340872708,TheBlaze,4744080285
784379989340872708,TheBlaze,703442199292280832
784379989340872708,TheBlaze,703233505149460480
784379989340872708,TheBlaze,774481855185760256
784379989340872708,TheBlaze,4769066488
784379989340872708,TheBlaze,774245988680790016
784379989340872708,TheBlaze,774259285161312257
784379989340872708,TheBlaze,771498816990171136
784379989340872708,TheBlaze,771464525166043137
784379989340872708,TheBlaze,771499239570542592
784379989340872708,TheBlaze,774248282990063618
784379989340872708,TheBlaze,703430091397795840
784379989340872708,TheBlaze,771429235999313921
784379989340872708,TheBlaze,774485451008724992
784379989340872708,TheBlaze,774479680242118656
784379989340872708,TheBlaze,4739506636
784379989340872708,TheBlaze,703424273386500096
784379989340872708,TheBlaze,771453941469028352
784379989340872708,TheBlaze,708138549783240704
784379989340872708,TheBlaze,708076086169628673
784379989340872708,TheBlaze,774476307908263936
784379989340872708,TheBlaze,703204238772584448
784379989340872708,TheBlaze,774486235360301060
784379989340872708,TheBlaze,771485123015348224
784379989340872708,TheBlaze,771733414605127680
784379989340872708,TheBlaze,708112601536929793
784379989340872708,TheBlaze,4756769374
784379989340872708,TheBlaze,774474323318874112
784379989340872708,TheBlaze,774472690937790464
784379989340872708,TheBlaze,708137535856369664
784379989340872708,TheBlaze,774461625512267776
784379989340872708,TheBlaze,4757761875
784379989340872708,TheBlaze,774469369447477248
784379989340872708,TheBlaze,771472493429329920
784379989340872708,TheBlaze,774468214218559488
784379989340872708,TheBlaze,774489101986852865
784379989340872708,TheBlaze,771508545212649472
784379989340872708,TheBlaze,4765402703
784379989340872708,TheBlaze,708114899969376256
784379989340872708,TheBlaze,774489365145759746
784379989340872708,TheBlaze,703420315943178240
784379989340872708,TheBlaze,771508088645885952
784379989340872708,TheBlaze,4741459616
784379989340872708,TheBlaze,4770714455
784379989340872708,TheBlaze,771521456069115904
784379989340872708,TheBlaze,708092688478773248
784379989340872708,TheBlaze,771495737817436160
784379989340872708,TheBlaze,4765424368
784379989340872708,TheBlaze,774488709626466304
784379989340872708,TheBlaze,774475497250164736
784379989340872708,TheBlaze,774468214830997504
784379989340872708,TheBlaze,703273950667788288
784379989340872708,TheBlaze,703308495047815169
784379989340872708,TheBlaze,774478683054616576
784379989340872708,TheBlaze,771522628519690240
784379989340872708,TheBlaze,771474441809321985
784379989340872708,TheBlaze,774251218805948416
784379989340872708,TheBlaze,4744594335
784379989340872708,TheBlaze,771461480633995264
784379989340872708,TheBlaze,708041173240258560
784379989340872708,TheBlaze,774244408006959104
784379989340872708,TheBlaze,774245419736072192
784379989340872708,TheBlaze,774480444255571968
784379989340872708,TheBlaze,771444827338772480
784379989340872708,TheBlaze,771509614106017792
784379989340872708,TheBlaze,4740665774
784379989340872708,TheBlaze,774473818697969664
784379989340872708,TheBlaze,774484904830787584
784379989340872708,TheBlaze,771476421864726528
784379989340872708,TheBlaze,4769031969
784379989340872708,TheBlaze,774478873895563264
784379989340872708,TheBlaze,774469962043764738
784379989340872708,TheBlaze,774461527709671424
784379989340872708,TheBlaze,774261289216598016
784379989340872708,TheBlaze,774463657698660352
784379989340872708,TheBlaze,774252539277639681
784379989340872708,TheBlaze,707902916468858882
784379989340872708,TheBlaze,707336145844248576
784379989340872708,TheBlaze,771484754105556993
784379989340872708,TheBlaze,708161331296219137
784379989340872708,TheBlaze,771520984348233729
784379989340872708,TheBlaze,708048639592177665
784379989340872708,TheBlaze,774488924110585856
784379989340872708,TheBlaze,707847856519061504
784379989340872708,TheBlaze,703510969956352000
784379989340872708,TheBlaze,774470178277101568
784379989340872708,TheBlaze,774255353080979456
784379989340872708,TheBlaze,4740600433
784379989340872708,TheBlaze,774480511209201664
784379989340872708,TheBlaze,774466837652398080
784379989340872708,TheBlaze,4741467926
784379989340872708,TheBlaze,774244913630380032
784379989340872708,TheBlaze,771446790524506112
784379989340872708,TheBlaze,771464093958012928
784379989340872708,TheBlaze,703553687155818496
784379989340872708,TheBlaze,774245417529643008
784379989340872708,TheBlaze,774485825908305921
784379989340872708,TheBlaze,774247692557955072
254131652,TheBlaze,823933777147822081
17454769,TheBlaze,474746237
17454769,TheBlaze,2271884777
17454769,TheBlaze,532554400
17454769,TheBlaze,307705141
17454769,TheBlaze,1129647830
17454769,TheBlaze,823933777147822081
822642106745372672,Redirect to another web page,143826254
399065347,Breitbart London Articles,1167502861
306415570,TheBlaze,69608224
306415570,TheBlaze,838399572
3347119809,BREAKING! Same Israeli photo-propagandist pre-positioned in Nice AND NOW MUNICH,931737350
3347119809,BREAKING! Same Israeli photo-propagandist pre-positioned in Nice AND NOW MUNICH,2877712525
3347119809,BREAKING! Same Israeli photo-propagandist pre-positioned in Nice AND NOW MUNICH,723673413663887360
2895261446,Report: Today The Day They Find Out You’re A Fraud,25073877
14075928,Study Links Clinical Depression To Getting Dunked On,404214129
14075928,Report: Today The Day They Find Out You’re A Fraud,8075872
14075928,Study Links Clinical Depression To Getting Dunked On,1864349882
14075928,Study Links Clinical Depression To Getting Dunked On,1401133076
14075928,Study Links Clinical Depression To Getting Dunked On,473652715
14075928,Study Links Clinical Depression To Getting Dunked On,314290026
14075928,Study Links Clinical Depression To Getting Dunked On,610541242
14075928,Study Links Clinical Depression To Getting Dunked On,330746187
14075928,Study Links Clinical Depression To Getting Dunked On,1500129642
14075928,Study Links Clinical Depression To Getting Dunked On,321787970
14075928,Study Links Clinical Depression To Getting Dunked On,2881957905
14075928,Study Links Clinical Depression To Getting Dunked On,60832145
14075928,Study Links Clinical Depression To Getting Dunked On,2733563444
14075928,Study Links Clinical Depression To Getting Dunked On,912023574
14075928,Study Links Clinical Depression To Getting Dunked On,3091764626
14075928,Study Links Clinical Depression To Getting Dunked On,861959425
14075928,Study Links Clinical Depression To Getting Dunked On,2891706904
14075928,Study Links Clinical Depression To Getting Dunked On,72095528
14075928,Study Links Clinical Depression To Getting Dunked On,389658055
14075928,Study Links Clinical Depression To Getting Dunked On,47183698
14075928,Study Links Clinical Depression To Getting Dunked On,388696571
14075928,Report: Today The Day They Find Out You’re A Fraud,138413102
14075928,Study Links Clinical Depression To Getting Dunked On,32099763
14075928,Study Links Clinical Depression To Getting Dunked On,830262697
14075928,Study Links Clinical Depression To Getting Dunked On,3260085396
14075928,Study Links Clinical Depression To Getting Dunked On,2169285818
14075928,Study Links Clinical Depression To Getting Dunked On,35133503
14075928,Study Links Clinical Depression To Getting Dunked On,706598049032773632
14075928,Study Links Clinical Depression To Getting Dunked On,1047299138
14075928,Study Links Clinical Depression To Getting Dunked On,254307563
14075928,Study Links Clinical Depression To Getting Dunked On,228847153
14075928,Study Links Clinical Depression To Getting Dunked On,430965916
14075928,Study Links Clinical Depression To Getting Dunked On,412829151
14075928,Study Links Clinical Depression To Getting Dunked On,2471637992
14075928,Study Links Clinical Depression To Getting Dunked On,2914116544
14075928,Study Links Clinical Depression To Getting Dunked On,3207408615
14075928,Study Links Clinical Depression To Getting Dunked On,4634154079
14075928,Study Links Clinical Depression To Getting Dunked On,98704839
14075928,Study Links Clinical Depression To Getting Dunked On,264394556
14075928,Study Links Clinical Depression To Getting Dunked On,15877341
14075928,Study Links Clinical Depression To Getting Dunked On,2913095000
14075928,Report: Today The Day They Find Out You’re A Fraud,413605324
14075928,Study Links Clinical Depression To Getting Dunked On,1920135528
14075928,Study Links Clinical Depression To Getting Dunked On,1915942021
14075928,Study Links Clinical Depression To Getting Dunked On,767561628040691716
14075928,Study Links Clinical Depression To Getting Dunked On,114558796
14075928,Study Links Clinical Depression To Getting Dunked On,3287626064
14075928,Study Links Clinical Depression To Getting Dunked On,390321483
14075928,Report: Today The Day They Find Out You’re A Fraud,844718390619095040
14075928,Study Links Clinical Depression To Getting Dunked On,96786203
14075928,Study Links Clinical Depression To Getting Dunked On,2278224115
14075928,Study Links Clinical Depression To Getting Dunked On,745601954139803648
14075928,Study Links Clinical Depression To Getting Dunked On,373285440
14075928,Study Links Clinical Depression To Getting Dunked On,892527937
14075928,Study Links Clinical Depression To Getting Dunked On,3518697256
14075928,Report: Today The Day They Find Out You’re A Fraud,731687588470251525
14075928,Study Links Clinical Depression To Getting Dunked On,4602171312
14075928,Study Links Clinical Depression To Getting Dunked On,2635552629
14075928,Study Links Clinical Depression To Getting Dunked On,928824090
14075928,Study Links Clinical Depression To Getting Dunked On,2202610897
14075928,Study Links Clinical Depression To Getting Dunked On,3293151035
14075928,Study Links Clinical Depression To Getting Dunked On,276744495
14075928,Study Links Clinical Depression To Getting Dunked On,3024545760
14075928,Study Links Clinical Depression To Getting Dunked On,612197754
14075928,Study Links Clinical Depression To Getting Dunked On,57240542
14075928,Study Links Clinical Depression To Getting Dunked On,469994989
14075928,Study Links Clinical Depression To Getting Dunked On,3296256739
14075928,Report: Today The Day They Find Out You’re A Fraud,28147352
14075928,Report: Today The Day They Find Out You’re A Fraud,859163920795414531
14075928,Study Links Clinical Depression To Getting Dunked On,3251113483
14075928,Study Links Clinical Depression To Getting Dunked On,1686176156
14075928,Study Links Clinical Depression To Getting Dunked On,4907361260
14075928,Study Links Clinical Depression To Getting Dunked On,740373487727038464
14075928,Study Links Clinical Depression To Getting Dunked On,180041556
14075928,Study Links Clinical Depression To Getting Dunked On,33419665
14075928,Study Links Clinical Depression To Getting Dunked On,728281838851108864
14075928,Study Links Clinical Depression To Getting Dunked On,299550152
14075928,Study Links Clinical Depression To Getting Dunked On,2391701912
14075928,Study Links Clinical Depression To Getting Dunked On,3226634010
14075928,Study Links Clinical Depression To Getting Dunked On,805958607888064512
14075928,Study Links Clinical Depression To Getting Dunked On,203958637
14075928,Study Links Clinical Depression To Getting Dunked On,1342940533
14075928,Study Links Clinical Depression To Getting Dunked On,2384159043
14075928,Study Links Clinical Depression To Getting Dunked On,159346193
14075928,Report: Today The Day They Find Out You’re A Fraud,3236824629
14075928,Study Links Clinical Depression To Getting Dunked On,2746694307
14075928,Study Links Clinical Depression To Getting Dunked On,963297998
14075928,Study Links Clinical Depression To Getting Dunked On,1574442908
14075928,Study Links Clinical Depression To Getting Dunked On,32661406
14075928,Study Links Clinical Depression To Getting Dunked On,368678275
14075928,Study Links Clinical Depression To Getting Dunked On,3082305326
14075928,Study Links Clinical Depression To Getting Dunked On,1053430376
14075928,Study Links Clinical Depression To Getting Dunked On,764479251445850112
14075928,Study Links Clinical Depression To Getting Dunked On,1228451240
14075928,Study Links Clinical Depression To Getting Dunked On,1228451240
14075928,Study Links Clinical Depression To Getting Dunked On,2167717316
14075928,Study Links Clinical Depression To Getting Dunked On,300916291
14075928,Study Links Clinical Depression To Getting Dunked On,796420448175214592
14075928,Study Links Clinical Depression To Getting Dunked On,3089486518
14075928,Study Links Clinical Depression To Getting Dunked On,54914538
14075928,Study Links Clinical Depression To Getting Dunked On,208788382
14075928,Study Links Clinical Depression To Getting Dunked On,534840113
14075928,Study Links Clinical Depression To Getting Dunked On,39276292
14075928,Study Links Clinical Depression To Getting Dunked On,2584278674
14075928,Study Links Clinical Depression To Getting Dunked On,338626783
14075928,Study Links Clinical Depression To Getting Dunked On,338626783
14075928,Study Links Clinical Depression To Getting Dunked On,338626783
14075928,Study Links Clinical Depression To Getting Dunked On,45709269
14075928,Study Links Clinical Depression To Getting Dunked On,179983380
14075928,Study Links Clinical Depression To Getting Dunked On,840391346
14075928,Study Links Clinical Depression To Getting Dunked On,2378023340
603610204,BREAKING! Same Israeli photo-propagandist pre-positioned in Nice AND NOW MUNICH,2877712525
603610204,BREAKING! Same Israeli photo-propagandist pre-positioned in Nice AND NOW MUNICH,753308488172969985
3486149054,BREAKING! Same Israeli photo-propagandist pre-positioned in Nice AND NOW MUNICH,2877712525
1679199278,BREAKING! Same Israeli photo-propagandist pre-positioned in Nice AND NOW MUNICH,1920598429
1679199278,BREAKING! Same Israeli photo-propagandist pre-positioned in Nice AND NOW MUNICH,3104154670
874844502,TheBlaze,17454769
247903672,Feminism, baby! Guess who Jessica Valenti blames for Ivanka being harassed,540930006
231081349,IRS Corruption Fuels Billions in Fraudulent Payments to Illegal Aliens,25073877
475234937,BREAKING! Same Israeli photo-propagandist pre-positioned in Nice AND NOW MUNICH,930659928
475234937,BREAKING! Same Israeli photo-propagandist pre-positioned in Nice AND NOW MUNICH,3375673725
717437493197582336,TheBlaze,52537387
19808638,TheBlaze,2902967064
19808638,TheBlaze,2315583427